r_B,batch_size,repetition,individual_valid,batch_valid,individual_ms,batch_ms,reduction_pct,individual_throughput,batch_throughput
1,1,1,1,1,1.0646,1.1175,-4.969002442231819,939.3199323689649,894.8545861297539
1,1,2,1,1,1.0534,1.0803,-2.5536358458325563,949.3070058857036,925.6687957048969
1,1,3,1,1,1.0592,1.0768,-1.6616314199395827,944.1087613293051,928.6775631500743
1,1,4,1,1,1.0441,1.0807,-3.5054113590652203,957.7626664112632,925.3261774775608
1,1,5,1,1,1.0348,1.0635,-2.773482798608422,966.3703131039814,940.2914903620123
1,1,6,1,1,1.0208,1.2688,-24.294670846394986,979.6238244514108,788.1462799495588
1,1,7,1,1,1.0361,1.0819,-4.420422739117852,965.1578033008396,924.2998428690267
1,1,8,1,1,1.0411,1.0845,-4.168667755258872,960.5225242531939,922.0839096357769
1,1,9,1,1,1.0693,1.198,-12.035911343869827,935.1912466099317,834.7245409015026
1,1,10,1,1,1.0349,1.0816,-4.512513286307852,966.2769349695624,924.5562130177516
1,1,11,1,1,1.0365,1.0785,-4.0520984081042,964.7853352629041,927.2137227630968
1,1,12,1,1,1.094,1.079,1.3711151736746,914.0767824497257,926.7840593141799
1,1,13,1,1,1.0339,1.0571,-2.243930747654501,967.2115291614275,945.9842966606756
1,1,14,1,1,1.0489,1.0711,-2.116503003146153,953.3797311469159,933.6196433572962
1,1,15,1,1,1.1072,1.1113,-0.37030346820809185,903.179190751445,899.8470260055791
1,1,16,1,1,1.1382,1.1696,-2.7587418731330056,878.5802143735723,854.9931600547195
1,1,17,1,1,1.1339,1.1676,-2.9720433900696768,881.9119851838786,856.4576909900651
1,1,18,1,1,1.1353,1.1769,-3.664229719017007,880.824451686779,849.689863199932
1,1,19,1,1,1.1141,1.1587,-4.003231307782063,897.5854950184005,863.0361612151548
1,1,20,1,1,1.1043,1.1977,-8.457846599655884,905.5510278004165,834.9336227769893
1,1,21,1,1,1.1105,1.2204,-9.89644304367401,900.4952723998199,819.403474270731
1,1,22,1,1,1.0813,1.1324,-4.725793026912064,924.8127254231019,883.0801836806783
1,1,23,1,1,1.1254,1.1288,-0.30211480362538384,888.572951839346,885.8965272856129
1,1,24,1,1,1.071,1.135,-5.975723622782452,933.7068160597573,881.057268722467
1,1,25,1,1,1.0924,1.1103,-1.6385939216404273,915.4155986818015,900.657479960371
1,1,26,1,1,1.0585,1.1521,-8.842701936702873,944.7331128956071,867.980210051211
1,1,27,1,1,1.0511,1.0985,-4.509561411854259,951.3842641042718,910.3322712790168
1,1,28,1,1,1.0577,1.0893,-2.987614635529909,945.4476694714946,918.0207472688884
1,1,29,1,1,1.0541,1.0812,-2.5709135755620816,948.6765961483729,924.898261191269
1,1,30,1,1,1.0459,1.096,-4.7901328998948305,956.1143512764127,912.4087591240874
1,2,1,1,1,2.1616,1.3892,35.732790525536636,925.240562546262,1439.677512237259
1,2,2,1,1,2.101,1.3673,34.92146596858639,951.9276534983342,1462.7367805163462
1,2,3,1,1,2.196,1.3946,36.493624772313304,910.7468123861566,1434.102968593145
1,2,4,1,1,2.1001,1.3571,35.37926765392124,952.3356030665208,1473.7307493920862
1,2,5,1,1,2.1175,1.375,35.06493506493507,944.5100354191263,1454.5454545454547
1,2,6,1,1,2.1664,1.6666,23.070531757754793,923.1905465288037,1200.0480019200768
1,2,7,1,1,2.0941,1.3558,35.2561959791796,955.0642280693376,1475.143826523086
1,2,8,1,1,2.0594,1.3354,35.15587064193455,971.1566475672524,1497.6785981728324
1,2,9,1,1,2.25,1.3629,39.42666666666666,888.8888888888889,1467.4590945777386
1,2,10,1,1,2.0507,1.3416,34.57843663139416,975.276734773492,1490.7573047107933
1,2,11,1,1,2.0742,1.3526,34.789316362935104,964.2271719217048,1478.6337424220021
1,2,12,1,1,2.0488,1.3318,34.99609527528309,976.1811792268645,1501.7269860339388
1,2,13,1,1,2.0511,1.3388,34.727707084003704,975.0865389303302,1493.8751120406334
1,2,14,1,1,2.0702,1.3681,33.91459762341802,966.0902328277461,1461.881441415101
1,2,15,1,1,2.0623,1.3508,34.50031518207827,969.791010037337,1480.6040864672786
1,2,16,1,1,2.0615,1.3376,35.11520737327189,970.1673538685424,1495.2153110047848
1,2,17,1,1,2.048,1.3484,34.16015624999999,976.5625,1483.239394838327
1,2,18,1,1,2.0648,1.3385,35.17531964354901,968.6168151879117,1494.2099364960777
1,2,19,1,1,2.1459,1.4012,34.703387855911274,932.0098793047206,1427.3479874393377
1,2,20,1,1,2.1412,1.3821,35.45208294414346,934.0556697179153,1447.0732942623542
1,2,21,1,1,2.147,1.442,32.83651606893339,931.5323707498837,1386.9625520110958
1,2,22,1,1,2.1005,1.3608,35.215424898833604,952.1542489883361,1469.723691945914
1,2,23,1,1,2.139,1.3824,35.37166900420756,935.0163627863489,1446.7592592592594
1,2,24,1,1,2.1407,1.4047,34.38127715233334,934.2738356612324,1423.7915569160675
1,2,25,1,1,2.1863,1.4125,35.393129945570145,914.7875405936971,1415.929203539823
1,2,26,1,1,2.1893,1.3968,36.198784999771604,913.5340063033847,1431.84421534937
1,2,27,1,1,2.1271,1.3994,34.210897466033565,940.2472850359645,1429.1839359725595
1,2,28,1,1,2.1412,1.3765,35.71361853166449,934.0556697179153,1452.9604068289138
1,2,29,1,1,2.1248,1.395,34.34676204819277,941.2650602409639,1433.6917562724016
1,2,30,1,1,2.1504,1.4079,34.52845982142858,930.0595238095239,1420.5554371759358
1,5,1,1,1,5.3927,2.2821,57.68168079069854,927.179335026981,2190.964462556418
1,5,2,1,1,5.4871,2.196,59.978859506843314,911.2281533050245,2276.8670309653917
1,5,3,1,1,5.3295,2.2174,58.39384557650812,938.1743127873159,2254.8931180662034
1,5,4,1,1,5.1535,2.3273,54.84039972833996,970.2144173862423,2148.4123232930865
1,5,5,1,1,5.197,2.2918,55.90148162401386,962.0935154897055,2181.691247054717
1,5,6,1,1,5.1543,2.1904,57.50344372659722,970.0638302000273,2282.6880934989044
1,5,7,1,1,5.1244,2.1669,57.71407384279134,975.7239871985014,2307.4438137431353
1,5,8,1,1,5.5678,2.1621,61.16778619921693,898.0207622400229,2312.5664862864805
1,5,9,1,1,5.1788,2.1612,58.26832470842666,965.4746273267939,2313.5295206366836
1,5,10,1,1,5.081,2.1323,58.03385160401496,984.0582562487698,2344.8858040613427
1,5,11,1,1,5.1643,2.1796,57.79486087175415,968.1854268729547,2293.998898880528
1,5,12,1,1,5.146,2.3577,54.183832102603965,971.628449280995,2120.7108622810365
1,5,13,1,1,5.1431,2.1851,57.513950730104405,972.1763138962883,2288.224795203881
1,5,14,1,1,5.2411,2.2714,56.661769475873385,953.9982064833717,2201.285550761645
1,5,15,1,1,5.3435,2.2283,58.29886778328811,935.7162908206233,2243.863034600368
1,5,16,1,1,5.227,2.2262,57.40960397933806,956.5716472163764,2245.979696343545
1,5,17,1,1,5.1818,2.1862,57.81002740360493,964.9156663707591,2287.073460799561
1,5,18,1,1,5.3988,2.2111,59.044602504260205,926.1317329776988,2261.317896069829
1,5,19,1,1,5.2608,2.2941,56.392563868613145,950.425790754258,2179.5039449021406
1,5,20,1,1,5.2407,2.2456,57.150762302745825,954.0710210468067,2226.576416102601
1,5,21,1,1,5.2747,2.2035,58.22511232866324,947.9212087891254,2269.117313365101
1,5,22,1,1,5.6205,2.3199,58.72431278356019,889.6005693443644,2155.26531316005
1,5,23,1,1,5.3222,2.2008,58.648679117658105,939.4611250986434,2271.901126862959
1,5,24,1,1,5.2003,2.2306,57.10632078918524,961.4829913658826,2241.549358916883
1,5,25,1,1,5.233,2.1818,58.306898528568695,955.4748710108925,2291.685764048034
1,5,26,1,1,5.2411,2.2372,57.31430424910802,953.9982064833717,2234.9365278026103
1,5,27,1,1,5.3604,2.2479,58.06469666442803,932.7662114767554,2224.2982339072023
1,5,28,1,1,5.2901,2.1896,58.60947808169977,945.1617171698077,2283.5221044939717
1,5,29,1,1,5.2855,2.2326,57.75990918550752,945.9842966606753,2239.541341933172
1,5,30,1,1,5.2895,2.1768,58.84677190660744,945.2689290103034,2296.949650863653
1,10,1,1,1,10.4208,3.7555,63.96150007676954,959.619223092277,2662.7612834509387
1,10,2,1,1,10.4974,3.5892,65.80867643416465,952.6168384552365,2786.1361863367883
1,10,3,1,1,10.5478,3.6794,65.11689641441818,948.0649993363544,2717.8344295265533
1,10,4,1,1,10.3232,3.5318,65.78774023558586,968.6918784872909,2831.417407554222
1,10,5,1,1,10.5417,3.6528,65.34904237456958,948.6136012218142,2737.6259307928167
1,10,6,1,1,10.466,3.6011,65.59239442002675,955.4748710108925,2776.929271611452
1,10,7,1,1,10.3664,3.5468,65.78561506405309,964.6550393579255,2819.44287808729
1,10,8,1,1,10.5236,3.6188,65.61252803223232,950.2451632521191,2763.3469658450317
1,10,9,1,1,10.5116,3.6094,65.66269644963658,951.3299592830778,2770.543580650524
1,10,10,1,1,10.4659,3.5428,66.1491128331056,955.4840004204129,2822.626171389861
1,10,11,1,1,10.4431,3.6476,65.0716741197537,957.5700701898862,2741.528676389955
1,10,12,1,1,10.7538,3.6912,65.67538916476036,929.9038479421228,2709.1460771564803
1,10,13,1,1,10.5085,3.579,65.94185659228243,951.6106009420945,2794.076557697681
1,10,14,1,1,10.5895,3.6164,65.84919023561073,944.3316492752255,2765.1808428271206
1,10,15,1,1,10.5966,3.6307,65.73712322820528,943.6989222958306,2754.2898063734265
1,10,16,1,1,10.5231,3.6299,65.50541190333647,950.2903136908327,2754.8968291137494
1,10,17,1,1,10.6026,3.642,65.64993492162301,943.1648840850357,2745.744096650192
1,10,18,1,1,10.4244,3.5495,65.95007866160162,959.2878247189286,2817.298211015636
1,10,19,1,1,10.5959,3.6352,65.69239045291103,943.7612661501147,2750.8802816901407
1,10,20,1,1,10.4616,3.5552,66.0166704901736,955.8767301368814,2812.7812781278126
1,10,21,1,1,10.6074,3.6062,66.00297905235968,942.7380885042518,2773.0020520215185
1,10,22,1,1,10.6046,3.8494,63.70065820492994,942.9870056390624,2597.807450511768
1,10,23,1,1,10.5514,3.6899,65.02928521333662,947.7415319294123,2710.100544730209
1,10,24,1,1,10.5051,3.6046,65.6871424355789,951.9185919220189,2774.232924596349
1,10,25,1,1,10.5911,3.6329,65.69855822341401,944.1889888680117,2752.6218723333977
1,10,26,1,1,10.5719,3.5595,66.33055552928046,945.9037637510761,2809.383340356792
1,10,27,1,1,10.4476,3.5376,66.13959186798883,957.1576247176386,2826.7752148349164
1,10,28,1,1,10.6212,3.591,66.19026098745904,941.5132000150642,2784.73962684489
1,10,29,1,1,10.4416,3.5508,65.99371743794055,957.707631014404,2816.2667567872027
1,10,30,1,1,10.478,3.5516,66.10421836228286,954.3806069860661,2815.632391035026
1,25,1,1,1,26.312,8.2496,68.64700516874431,950.136819702037,3030.449961210241
1,25,2,1,1,26.6967,7.976,70.1236482411684,936.4453284488345,3134.4032096288865
1,25,3,1,1,26.3196,7.9661,69.73320263225885,949.8624599158042,3138.298540063519
1,25,4,1,1,26.1985,8.1164,69.01960035879915,954.2531060938603,3080.1833325119505
1,25,5,1,1,27.8211,8.5145,69.39553073027308,898.5985457081135,2936.167713899818
1,25,6,1,1,31.5996,9.5757,69.69676831352295,791.1492550538615,2610.7751913698216
1,25,7,1,1,36.3602,10.8093,70.27161566768059,687.564974890127,2312.8232170445817
1,25,8,1,1,32.0001,9.6979,69.69415720575873,781.2475586013793,2577.8776848596085
1,25,9,1,1,31.4647,9.4204,70.0604169116502,794.5411842477444,2653.815124623158
1,25,10,1,1,31.9772,9.9603,68.85186945698811,781.8070375142289,2509.9645593004225
1,25,11,1,1,33.558,9.8205,70.73574110495262,744.9788426008702,2545.69522936714
1,25,12,1,1,32.696,9.6313,70.54287986298019,764.6195253241988,2595.7035914154894
1,25,13,1,1,33.7563,9.4051,72.13823789929586,740.6024949416849,2658.1322899278052
1,25,14,1,1,30.2411,9.0603,70.03978029899706,826.6895053420676,2759.290531218613
1,25,15,1,1,30.5854,9.1143,70.20048781444741,817.3834574666345,2742.9424091811766
1,25,16,1,1,30.962,9.3791,69.70770622052841,807.4413797558298,2665.5009542493417
1,25,17,1,1,37.4289,11.0392,70.50621311339633,667.9330677631456,2264.6568591926953
1,25,18,1,1,32.4662,9.6765,70.19515680923544,770.03160209695,2583.578773316798
1,25,19,1,1,30.8874,9.3463,69.74073570452677,809.3915318220375,2674.855290328793
1,25,20,1,1,31.3375,9.5475,69.53330674112486,797.7662544874353,2618.4865147944492
1,25,21,1,1,36.5815,10.0707,72.47051105066768,683.4055465194157,2482.4490849692675
1,25,22,1,1,26.1837,7.871,69.9393133896279,954.7924854012228,3176.21649091602
1,25,23,1,1,26.5181,7.725,70.86895365806751,942.7523088004043,3236.245954692557
1,25,24,1,1,26.0037,7.8107,69.96312063283301,961.4016466887406,3200.737449908459
1,25,25,1,1,26.1039,7.8608,69.88649205674248,957.7112998440846,3180.3378790962756
1,25,26,1,1,26.0678,7.6731,70.56483477700459,959.0375866010942,3258.1355645045683
1,25,27,1,1,28.1563,8.256,70.6779654997283,887.9007540053202,3028.1007751937987
1,25,28,1,1,26.9918,7.8893,70.77149356471224,926.2072184885781,3168.8489473083796
1,25,29,1,1,26.4706,7.8487,70.3493687336139,944.4440246915445,3185.2408679144314
1,25,30,1,1,26.3635,7.8658,70.16405257268572,948.2807669694844,3178.316255180655
1,50,1,1,1,53.0926,15.3502,71.08787288624026,941.7508277989776,3257.2865500123776
1,50,2,1,1,52.1101,14.6072,71.96858190638667,959.5068902189787,3422.969494495865
1,50,3,1,1,52.5072,14.9979,71.43648871011975,952.2503580461347,3333.8000653424815
1,50,4,1,1,52.9392,15.1166,71.44535618218636,944.4797050200985,3307.6220843311326
1,50,5,1,1,55.8561,16.7321,70.04427448389701,895.1573776185592,2988.268059598018
1,50,6,1,1,52.8443,14.9317,71.74397238680426,946.175841103014,3348.5805367104886
1,50,7,1,1,54.2564,15.1886,72.00588317691553,921.5502687240585,3291.94264119142
1,50,8,1,1,53.3913,15.4416,71.0784341269083,936.482160951316,3238.0064242047456
1,50,9,1,1,53.5998,15.1597,71.7168720778809,932.8393016391851,3298.218302473004
1,50,10,1,1,52.7153,14.939,71.66097888089416,948.4912349924974,3346.944239908963
1,50,11,1,1,52.3236,14.6779,71.94783998042948,955.5917406294674,3406.481853671166
1,50,12,1,1,53.4486,15.2922,71.38896060888405,935.4781977451233,3269.640731876382
1,50,13,1,1,52.7513,14.7896,71.96353454796375,947.8439393910671,3380.754043381836
1,50,14,1,1,52.9971,14.9368,71.81581633712034,943.4478490332489,3347.437202078089
1,50,15,1,1,52.2009,14.7878,71.67136965071484,957.83789168386,3381.165555390254
1,50,16,1,1,53.3329,14.7089,72.42058841728088,937.5076172493901,3399.3024631345647
1,50,17,1,1,52.9387,14.733,72.16969816032504,944.4886255234828,3393.7419398628927
1,50,18,1,1,52.8679,14.9911,71.64423024179133,945.7534723338738,3335.3122852892716
1,50,19,1,1,53.1973,15.0797,71.65326059781229,939.8973256161497,3315.7158298905147
1,50,20,1,1,52.7072,14.9051,71.72094135146622,948.6369983607552,3354.556494085917
1,50,21,1,1,52.555,15.0083,71.44267909808772,951.3842641042718,3331.489908917066
1,50,22,1,1,52.0084,15.2278,70.72049899631598,961.3831611816552,3283.468393333246
1,50,23,1,1,52.2407,14.7809,71.70616013950809,957.1081551357468,3382.7439465797074
1,50,24,1,1,52.6641,14.7861,71.92375830974042,949.4133574864092,3381.554297617357
1,50,25,1,1,52.4731,14.703,71.97992876349977,952.8691844011503,3400.6665306400055
1,50,26,1,1,52.8871,15.1399,71.37317039504907,945.4101283677873,3302.531720817178
1,50,27,1,1,58.0711,15.7175,72.93404120121713,861.0134817490972,3181.167488468268
1,50,28,1,1,52.5984,15.0401,71.40578420636369,950.5992577720996,3324.4459810772532
1,50,29,1,1,52.2068,14.9261,71.40966310902029,957.7296444141375,3349.8368629447746
1,50,30,1,1,52.5115,14.9577,71.5153823448197,952.1723812879085,3342.7599162972915
1,100,1,1,1,105.2133,28.8067,72.62066677881978,950.4501807281018,3471.414636178389
1,100,2,1,1,105.4863,28.8359,72.6638435512479,947.9904025451646,3467.899389302918
1,100,3,1,1,104.8096,28.9774,72.35234177021952,954.1110737947669,3450.9652349762227
1,100,4,1,1,105.6388,28.5927,72.93352442473787,946.6218851406869,3497.3961885376334
1,100,5,1,1,116.0172,31.5079,72.84204411070083,861.9411604486231,3173.8072039075914
1,100,6,1,1,106.2627,28.9624,72.74452841872076,941.063985763584,3452.75253432036
1,100,7,1,1,107.7517,29.7573,72.38345195481834,928.059603699988,3360.5199396450616
1,100,8,1,1,106.3893,32.4258,69.52155902896251,939.944148518695,3083.9640039721453
1,100,9,1,1,106.0272,29.0839,72.56939728673396,943.1542094858679,3438.328422254237
1,100,10,1,1,112.1764,32.1723,71.31990329516725,891.4531042179996,3108.263941340843
1,100,11,1,1,106.9324,28.8916,72.98143500005612,935.1702570970072,3461.213639950712
1,100,12,1,1,105.6909,29.1373,72.43159060997684,946.1552508304877,3432.0269894602447
1,100,13,1,1,107.1542,28.8014,73.12153886641867,933.2345349039048,3472.053441846577
1,100,14,1,1,104.9542,29.5917,71.80513023776085,952.7965531631893,3379.3259596440894
1,100,15,1,1,117.8479,32.29,72.60027543978298,848.5513954851975,3096.934035305048
1,100,16,1,1,119.5029,32.6795,72.65380170690419,836.7997764070998,3060.0223381630685
1,100,17,1,1,106.8314,28.9741,72.87866675902404,936.0543810153194,3451.358282051902
1,100,18,1,1,115.7377,32.0208,72.33330194050858,864.022699604364,3122.970069454854
1,100,19,1,1,107.8716,29.6795,72.48627071444199,927.0280592852985,3369.3289981300222
1,100,20,1,1,106.2679,28.8644,72.83808186667845,941.0179367428923,3464.4752705755186
1,100,21,1,1,105.8598,31.5834,70.16487845244372,944.6456539687398,3166.2202296142914
1,100,22,1,1,105.9279,29.1524,72.47901638756173,944.0383506139555,3430.2493105198887
1,100,23,1,1,103.7169,28.9595,72.0783208908095,964.1630245408414,3453.0982924428945
1,100,24,1,1,104.7107,28.6749,72.6151195627572,955.0122384818361,3487.3704877785103
1,100,25,1,1,116.4485,30.69,73.64500186777846,858.7487172441037,3258.3903551645485
1,100,26,1,1,106.2368,29.1304,72.57974637790296,941.2934124521822,3432.8399198088596
1,100,27,1,1,131.7109,35.7049,72.89146152672254,759.238605157204,2800.736033429585
1,100,28,1,1,133.6389,35.466,73.4613200198445,748.285117581782,2819.6018722156427
1,100,29,1,1,112.504,37.604,66.57541065206571,888.8572850743084,2659.2915647271566
1,100,30,1,1,115.1345,29.4846,74.39116858977978,868.5493922325628,3391.6010391865584
1,200,1,1,1,220.1701,64.3565,70.76964583292646,908.3885595728032,3107.689200003108
1,200,2,1,1,212.1258,57.3752,72.95227643219259,942.836750645136,3485.8266289267835
1,200,3,1,1,220.7357,56.8899,74.22714132784138,906.0609588752521,3515.562516369338
1,200,4,1,1,219.3931,58.7012,73.24382580856008,911.6056977179319,3407.08537474532
1,200,5,1,1,229.4908,68.0695,70.3388981170487,871.4946307215802,2938.1734844533894
1,200,6,1,1,216.794,57.4987,73.47772539830437,922.534756496951,3478.3395102845802
1,200,7,1,1,217.5585,57.8023,73.43137592877318,919.2929717754075,3460.0699280132453
1,200,8,1,1,212.9412,58.2674,72.6368593771426,939.2264155550922,3432.4510789909964
1,200,9,1,1,212.3814,56.9984,73.16224490468562,941.7020511212374,3508.8704244329665
1,200,10,1,1,211.9591,57.598,72.82588952302591,943.578265806941,3472.3427896801973
1,200,11,1,1,213.2798,59.0021,72.3358236457461,937.7353129550947,3389.7098577847228
1,200,12,1,1,213.4504,57.0506,73.27219813127546,936.9858290263218,3505.6598878889968
1,200,13,1,1,211.114,57.0705,72.96697518876057,947.3554572411115,3504.4374939767476
1,200,14,1,1,264.1088,59.3629,77.52331614849638,757.2636731528825,3369.1076413045857
1,200,15,1,1,211.9596,57.618,72.81651786472517,943.5760399623324,3471.1374917560483
1,200,16,1,1,212.4798,58.0187,72.69448672297321,941.2659462217114,3447.164448703608
1,200,17,1,1,213.0104,57.2933,73.1030503674938,938.9212921059253,3490.8095711016817
1,200,18,1,1,267.4049,80.368,69.94520294878664,747.9294508066232,2488.5526577742385
1,200,19,1,1,408.7466,98.4159,75.92251531878186,489.300706109849,2032.1919527230866
1,200,20,1,1,309.1717,87.9616,71.54927181239421,646.8897379676083,2273.71944121071
1,200,21,1,1,323.5307,84.8227,73.78217894005114,618.1793567040161,2357.859393770771
1,200,22,1,1,329.7292,71.9997,78.16399032903364,606.5583515199746,2777.7893519000772
1,200,23,1,1,261.7896,67.0873,74.37358092147281,763.9722891971262,2981.190180555783
1,200,24,1,1,252.2421,70.4885,72.05521996526353,792.8890538098121,2837.3422615036498
1,200,25,1,1,251.3109,68.2661,72.83599716526422,795.8270015347524,2929.7118188969343
1,200,26,1,1,260.793,69.745,73.25656746921888,766.8917493951142,2867.589074485626
1,200,27,1,1,270.2873,67.7543,74.93248850389938,739.9533755378073,2951.842170902806
1,200,28,1,1,273.4191,80.37,70.60556486361048,731.477793614272,2488.4907303720292
1,200,29,1,1,258.0819,68.2441,73.55719250361997,774.9477975789855,2930.656276513281
1,200,30,1,1,254.3518,67.6866,73.38859013382253,786.3125010320351,2954.7945974535583
1,300,1,1,1,384.8821,102.6524,73.32887136086609,779.459476031751,2922.4840334955634
1,300,2,1,1,386.4917,107.8835,72.08646395252472,776.2133054862497,2780.777412672003
1,300,3,1,1,385.8124,102.7424,73.36985540122609,777.5799844691358,2919.924004111253
1,300,4,1,1,384.4693,106.859,72.20610332216383,780.2963721680769,2807.4378386471894
1,300,5,1,1,362.8884,95.0488,73.80770506855552,826.7004401353144,3156.2734090277836
1,300,6,1,1,356.5525,97.5843,72.63115529971043,841.3908190238465,3074.2650200903217
1,300,7,1,1,469.7267,138.3095,70.55532504326452,638.6692517159446,2169.0484023150975
1,300,8,1,1,401.0244,93.6172,76.6554853021412,748.0841564752668,3204.539336788539
1,300,9,1,1,365.9578,94.917,74.06340293880878,819.7666506903255,3160.6561522172
1,300,10,1,1,364.7775,95.5806,73.79756152723236,822.4191459177171,3138.7122491384234
1,300,11,1,1,354.5282,94.9524,73.21725041900757,846.1950276451915,3159.477801508967
1,300,12,1,1,356.0074,96.2093,72.97547747603001,842.6791128499013,3118.201670732455
1,300,13,1,1,354.8114,93.7398,73.5803866504853,845.5196197190959,3200.34819788393
1,300,14,1,1,344.5037,94.516,72.5645907431473,870.8179331600793,3174.0657666426846
1,300,15,1,1,363.7151,100.4815,72.37356931290452,824.8214055451643,2985.6242193836674
1,300,16,1,1,351.0736,94.0403,73.2135085064784,854.5216729483504,3190.1216818746852
1,300,17,1,1,354.1817,93.9717,73.46794032554476,847.0228698998283,3192.4504930739786
1,300,18,1,1,361.8358,95.5582,73.59072817007052,829.1053566286145,3139.4480013227544
1,300,19,1,1,352.8429,95.7547,72.86194507527287,850.2367484225983,3133.0054817152577
1,300,20,1,1,392.182,94.679,75.85840247640127,764.9509666430381,3168.601273777712
1,300,21,1,1,359.8489,95.4349,73.47917417560537,833.6832487191151,3143.5041059402797
1,300,22,1,1,352.5836,97.1213,72.45439095862655,850.86203669144,3088.920761974973
1,300,23,1,1,337.4288,90.5605,73.16159735031509,889.0764510913116,3312.702557958492
1,300,24,1,1,317.8531,86.1949,72.88215845621765,943.8322294166708,3480.484344201339
1,300,25,1,1,321.3017,84.9137,73.57197300854618,933.701875838192,3532.9987976027423
1,300,26,1,1,502.927,133.9501,73.36589604455517,596.5080419225852,2239.639985337824
1,300,27,1,1,354.8636,95.0598,73.21229903546039,845.395244820827,3155.90817569572
1,300,28,1,1,352.2614,96.0165,72.74282677579774,851.6402875818923,3124.46298292481
1,300,29,1,1,370.4848,96.5932,73.92789123872289,809.7498196957068,3105.808690466824
1,300,30,1,1,354.434,93.6812,73.56878854737413,846.4199258536145,3202.3500979919127
1,500,1,1,1,587.0359,206.3836,64.84310414405661,851.7366655088728,2422.673119375764
1,500,2,1,1,593.2896,157.2252,73.49941748515396,842.7587471615885,3180.1517822842648
1,500,3,1,1,637.3247,156.8708,75.38604733191731,784.5294557075852,3187.33633027944
1,500,4,1,1,529.0579,141.5641,73.2422292531687,945.0761438398331,3531.9689101968647
1,500,5,1,1,527.9526,141.2797,73.24007874949379,947.0547166544876,3539.0788627099296
1,500,6,1,1,631.3115,149.6023,76.3029344467826,792.0020465332882,3342.1946052968433
1,500,7,1,1,586.0518,141.8442,75.79664459694519,853.1669043589662,3524.9943247591373
1,500,8,1,1,529.9249,141.4921,73.29959396133302,943.5299228249135,3533.766196133919
1,500,9,1,1,527.8653,147.9301,71.97578624698384,947.2113434999419,3379.9747313089088
1,500,10,1,1,580.8136,155.8677,73.16390318683997,860.8613847885106,3207.848707589834
1,500,11,1,1,541.3831,143.0297,73.58068620908189,923.5604140579933,3495.777450417641
1,500,12,1,1,540.0643,143.1815,73.48806429160379,925.8156852804378,3492.0712522218305
1,500,13,1,1,552.8918,148.3723,73.16431533258405,904.336074436264,3369.901255153422
1,500,14,1,1,533.4132,143.0786,73.17677927730323,937.3596303953484,3494.582697901713
1,500,15,1,1,644.9726,176.061,72.7025613181087,775.2267305618874,2839.924798791328
1,500,16,1,1,595.5361,162.0532,72.78868569008662,839.5796661193167,3085.406520821557
1,500,17,1,1,529.1542,142.6237,73.04685477314553,944.90415081275,3505.7287112871136
1,500,18,1,1,534.7932,147.4151,72.43512071582062,934.9408332043115,3391.782795656619
1,500,19,1,1,528.4368,141.7329,73.17883614464398,946.1869423174163,3527.7624320111986
1,500,20,1,1,529.4085,143.8162,72.83455025750438,944.4502685544339,3476.6597921513708
1,500,21,1,1,531.2068,142.6449,73.14701167229033,941.2530110683822,3505.2076870606656
1,500,22,1,1,533.4705,141.4889,73.47765246625634,937.2589487141274,3533.846117964024
1,500,23,1,1,525.8463,142.1771,72.96223250025722,950.8481851065607,3516.74074094914
1,500,24,1,1,669.4515,182.8282,72.68985131857946,746.880095122649,2734.807868807985
1,500,25,1,1,538.1679,166.0538,69.14461081755341,929.0780813943009,3011.0723151171487
1,500,26,1,1,535.407,142.4198,73.39971274189541,933.8690005920728,3510.747803325099
1,500,27,1,1,539.3212,141.6087,73.7431608473763,927.0913140443952,3530.856508110024
1,500,28,1,1,530.303,143.6758,72.906847594677,942.857196734697,3480.057184299652
1,500,29,1,1,531.7865,140.8786,73.50842866451103,940.2269519816692,3549.1550881397175
1,500,30,1,1,528.4503,143.8107,72.78633392771279,946.1627706522261,3476.792756032757
2,1,1,1,1,1.1155,2.0424,-83.09278350515467,896.4589870013448,489.6200548374461
2,1,2,1,1,1.0451,2.1016,-101.09080470768349,956.846234810066,475.827940616673
2,1,3,1,1,1.0358,2.0287,-95.85827379803051,965.4373431164316,492.92650465815547
2,1,4,1,1,1.0395,2.0269,-94.98797498797497,962.000962000962,493.36425082638516
2,1,5,1,1,1.0288,2.0144,-95.80093312597204,972.0062208398135,496.4257347100873
2,1,6,1,1,1.0299,2.1372,-107.51529274686861,970.9680551509855,467.9019277559423
2,1,7,1,1,1.0936,2.0603,-88.39612289685442,914.41111923921,485.3662088045431
2,1,8,1,1,1.0503,2.0462,-94.82052746834235,952.1089212605921,488.710780959828
2,1,9,1,1,1.054,2.0432,-93.85199240986717,948.7666034155598,489.42834768989815
2,1,10,1,1,1.0451,2.0574,-96.86154434982299,956.846234810066,486.050354816759
2,1,11,1,1,1.0828,2.0739,-91.53121536756558,923.5315847801994,482.18332610058343
2,1,12,1,1,1.0544,2.042,-93.66464339908951,948.4066767830045,489.71596474045054
2,1,13,1,1,1.0575,2.214,-109.36170212765956,945.6264775413711,451.6711833785005
2,1,14,1,1,1.0964,2.0937,-90.96132798248814,912.0758847136082,477.6233462291637
2,1,15,1,1,1.0647,2.0909,-96.38395792241947,939.2317084624776,478.2629489693433
2,1,16,1,1,1.0511,2.1219,-101.87422700028543,951.3842641042718,471.2757434374853
2,1,17,1,1,1.0609,2.0602,-94.19360919973609,942.5959091337543,485.38976798369094
2,1,18,1,1,1.0466,2.0718,-97.95528377603671,955.4748710108925,482.6720725938797
2,1,19,1,1,1.0571,2.0476,-93.69974458423992,945.9842966606756,488.3766360617308
2,1,20,1,1,1.0634,2.0616,-93.86872296407749,940.3799134850481,485.06014745828486
2,1,21,1,1,1.0688,2.0629,-93.01085329341318,935.6287425149701,484.7544718600029
2,1,22,1,1,1.0631,2.0685,-94.57247671902925,940.6452826639074,483.44210780759016
2,1,23,1,1,1.0447,2.0848,-99.55968220541783,957.2125969177755,479.6623177283193
2,1,24,1,1,1.0804,2.0545,-90.16105146242133,925.5831173639392,486.7364322219518
2,1,25,1,1,1.0608,2.0697,-95.10746606334844,942.684766214178,483.16181089046717
2,1,26,1,1,1.0877,2.0454,-88.04817504826698,919.371150133309,488.9019262735896
2,1,27,1,1,1.042,2.1038,-101.90019193857965,959.6928982725528,475.33035459644447
2,1,28,1,1,1.0589,2.1049,-98.781754651053,944.3762394938143,475.08195163665727
2,1,29,1,1,1.0655,2.0608,-93.41154387611451,938.526513374003,485.248447204969
2,1,30,1,1,1.1266,2.165,-92.1711343866501,887.6264867743654,461.8937644341802
2,2,1,1,1,2.1584,2.5643,-18.80559673832468,926.6123054114158,779.939944624264
2,2,2,1,1,2.1602,2.5435,-17.743727432645112,925.8401999814831,786.3180656575586
2,2,3,1,1,2.1764,2.5799,-18.53979047969122,918.9487226612754,775.2238458854995
2,2,4,1,1,2.1979,2.5196,-14.636698666909316,909.9595068019473,793.7767899666615
2,2,5,1,1,2.1303,2.5543,-19.90330000469417,938.8349058818008,782.9933837059077
2,2,6,1,1,2.1774,2.5468,-16.965187838706722,918.526683200147,785.299198994817
2,2,7,1,1,2.2452,2.5718,-14.546588277213608,890.7892392659896,777.6654483241309
2,2,8,1,1,2.3062,2.5823,-11.972075275344723,867.2274737663689,774.5033497269876
2,2,9,1,1,2.194,2.5841,-17.780309936189603,911.5770282588879,773.9638558879301
2,2,10,1,1,2.2281,2.6216,-17.660787217808892,897.6257798123963,762.8928898382667
2,2,11,1,1,2.2143,2.6298,-18.764395068418903,903.2199792259404,760.5141075366948
2,2,12,1,1,2.2395,2.67,-19.223040857334222,893.0564858227282,749.063670411985
2,2,13,1,1,2.294,2.6698,-16.38186573670444,871.8395815170009,749.1197842535022
2,2,14,1,1,2.2796,2.6852,-17.79259519213898,877.3469029654326,744.8234768359898
2,2,15,1,1,2.2344,2.645,-18.376297887576087,895.094880057286,756.1436672967864
2,2,16,1,1,2.2266,2.6368,-18.422707266684636,898.2304859426929,758.495145631068
2,2,17,1,1,2.221,2.619,-17.91985592075642,900.4952723998199,763.6502481863306
2,2,18,1,1,2.2292,2.6502,-18.885698905436918,897.182845863987,754.660025658441
2,2,19,1,1,2.2281,2.6587,-19.325883039360896,897.6257798123963,752.2473389250385
2,2,20,1,1,2.26,2.6188,-15.876106194690268,884.9557522123895,763.7085688101422
2,2,21,1,1,2.4161,2.6621,-10.181697777409875,827.780307106494,751.2865782652792
2,2,22,1,1,2.3861,2.709,-13.532542642806263,838.1878378944722,738.2798080472498
2,2,23,1,1,2.2814,2.7529,-20.667134215832373,876.6546857192951,726.5065930473319
2,2,24,1,1,2.2811,2.6894,-17.899259129367415,876.7699793959056,743.6602959767978
2,2,25,1,1,2.2593,2.7008,-19.54145089186916,885.2299384765192,740.521327014218
2,2,26,1,1,2.3535,2.7322,-16.09092840450394,849.7981729339282,732.0108337603397
2,2,27,1,1,2.2424,2.8432,-26.792722083481983,891.9015340706386,703.4327518289251
2,2,28,1,1,2.2647,2.6752,-18.126021106548322,883.1191769329271,747.6076555023924
2,2,29,1,1,2.2569,2.6342,-16.717621516239088,886.171296911693,759.2437931819908
2,2,30,1,1,2.2208,2.6338,-18.596902017291058,900.5763688760807,759.3591009188245
2,5,1,1,1,5.5807,4.0812,26.86938914473095,895.9449531420789,1225.129863765559
2,5,2,1,1,5.5684,4.1802,24.929961928022404,897.9239997126645,1196.1150184201713
2,5,3,1,1,5.6282,4.1434,26.381436338438576,888.3834973881526,1206.7384273784817
2,5,4,1,1,5.608,4.1315,26.328459343794577,891.5834522111271,1210.214207914801
2,5,5,1,1,5.633,4.0856,27.47026451269305,887.6264867743654,1223.8104562365381
2,5,6,1,1,5.5056,4.0219,26.948924731182807,908.1662307468758,1243.1935155026233
2,5,7,1,1,5.6208,4.2446,24.48405920865357,889.5530885283233,1177.9672996277623
2,5,8,1,1,5.6568,4.1553,26.5432753500212,883.8919530476594,1203.2825548095202
2,5,9,1,1,5.8246,4.0591,30.31109432407376,858.4280465611372,1231.800152743219
2,5,10,1,1,5.5589,4.1157,25.961970893522096,899.4585259673676,1214.8601695944794
2,5,11,1,1,5.55,4.2006,24.31351351351352,900.9009009009009,1190.3061467409418
2,5,12,1,1,5.6963,4.1723,26.754208872425963,877.7627582816917,1198.3797905232125
2,5,13,1,1,7.6099,5.1617,32.171250607760946,657.0388572780195,968.673111571769
2,5,14,1,1,7.2649,5.0984,29.82147035747223,688.2407190739034,980.6998273968305
2,5,15,1,1,6.2593,4.5801,26.827281005863274,798.8113686833991,1091.679220977708
2,5,16,1,1,5.9132,4.2059,28.87269160522222,845.5658526686059,1188.8062008131435
2,5,17,1,1,5.5957,4.0427,27.753453544686096,893.5432564290437,1236.7971899967845
2,5,18,1,1,5.4252,3.9449,27.285630022856303,921.6250092162501,1267.4592511850742
2,5,19,1,1,5.6862,4.1176,27.58608561077697,879.3218669761878,1214.2995919953369
2,5,20,1,1,5.4664,4.0863,25.246963266500813,914.678764817796,1223.6008124709397
2,5,21,1,1,5.2992,4.1479,21.725920893719806,943.5386473429952,1205.4292533571206
2,5,22,1,1,5.3158,3.9757,25.209752059896918,940.5921968471348,1257.6401639962776
2,5,23,1,1,5.41,4.0444,25.242144177449163,924.2144177449169,1236.2773217288102
2,5,24,1,1,5.5358,4.0775,26.34307597817841,903.2118212363163,1226.2415695892091
2,5,25,1,1,5.6446,3.889,31.1022924565071,885.8023597774865,1285.677552069941
2,5,26,1,1,5.3594,3.8479,28.20278389371944,932.9402545061014,1299.4100678292054
2,5,27,1,1,5.4223,3.8071,29.788097301882964,922.1179204396659,1313.3356097817234
2,5,28,1,1,5.309,4.0502,23.71067997739687,941.7969485778865,1234.506937928991
2,5,29,1,1,5.3164,3.8835,26.952449025656453,940.4860431871191,1287.4983906270115
2,5,30,1,1,5.4532,3.8333,29.705494021858723,916.8928335656128,1304.3591683405944
2,10,1,1,1,10.7322,6.1149,43.02286576843519,931.7754048564134,1635.3497195375232
2,10,2,1,1,10.6629,6.1152,42.64974819233042,937.8311716324827,1635.2694924123498
2,10,3,1,1,10.9417,6.5201,40.4105394956908,913.934763336593,1533.7188079937425
2,10,4,1,1,11.2863,6.3704,43.556347075658095,886.0299655334343,1569.7601406505087
2,10,5,1,1,10.7619,6.0769,43.5332051031881,929.2039509751994,1645.5758692754528
2,10,6,1,1,10.5697,6.0384,42.8706585806598,946.1006461867414,1656.0678325384208
2,10,7,1,1,10.3804,6.2626,39.66899156101884,963.3540133328196,1596.7808897263117
2,10,8,1,1,10.4807,6.1618,41.20812541147061,954.1347429083935,1622.9023986497452
2,10,9,1,1,10.4732,6.1421,41.35412290417447,954.8180116869725,1628.1076504778496
2,10,10,1,1,10.449,5.9453,43.101732223179255,957.0293808019907,1682.0009082804906
2,10,11,1,1,10.4662,6.0081,42.59521125145707,955.4566127152166,1664.41970007157
2,10,12,1,1,10.655,6.0444,43.271703425621766,938.5265133740029,1654.4239295877176
2,10,13,1,1,10.3781,6.0062,42.12620807276862,963.5675123577533,1664.9462222370219
2,10,14,1,1,10.5278,6.1734,41.360968103497406,949.8660688842874,1619.8529173551042
2,10,15,1,1,10.603,6.0193,43.230217862869,943.1293030274451,1661.3227451697041
2,10,16,1,1,10.5069,6.0955,41.9857427024146,951.7555130438094,1640.554507423509
2,10,17,1,1,10.3896,6.1821,40.497227997227995,962.5009625009625,1617.5733165105707
2,10,18,1,1,10.5831,6.0797,42.55274919447043,944.9027222647428,1644.8180008882018
2,10,19,1,1,10.4148,5.9888,42.49721550101778,960.1720628336598,1669.7835960459522
2,10,20,1,1,10.4091,5.9205,43.121883736346085,960.6978509189074,1689.0465332319907
2,10,21,1,1,10.5217,5.9761,43.202144140205476,950.4167577482727,1673.332106223122
2,10,22,1,1,10.349,6.069,41.35665281669726,966.2769349695623,1647.7179106936894
2,10,23,1,1,10.369,6.0596,41.560420484135406,964.4131545954288,1650.2739454749487
2,10,24,1,1,10.4417,5.9527,42.991083827346124,957.6984590631793,1679.909956826314
2,10,25,1,1,10.5842,6.2763,40.70123391470304,944.8045199448236,1593.295412902506
2,10,26,1,1,10.6105,6.282,40.79449601809529,942.4626549172989,1591.849729385546
2,10,27,1,1,10.4158,5.9881,42.50945678680466,960.0798786459032,1669.9787912693507
2,10,28,1,1,10.4334,6.0806,41.719861214944316,958.4603293269691,1644.5745485642865
2,10,29,1,1,10.4202,6.1078,41.3850022072513,959.674478416921,1637.2507285765741
2,10,30,1,1,10.6507,5.9659,43.985841306205224,938.9054240566347,1676.1930303893796
2,25,1,1,1,26.3301,13.1943,49.88891041051876,949.4836707798298,1894.7575847146115
2,25,2,1,1,26.7417,12.7227,52.423742693994775,934.8695109136667,1964.9917077349933
2,25,3,1,1,26.761,12.9271,51.69425656739284,934.1952841822055,1933.9217612612267
2,25,4,1,1,27.8482,13.5596,51.308881723055705,897.7240898873176,1843.71220389982
2,25,5,1,1,26.5504,13.153,50.46025671929613,941.6053995420032,1900.7070630274463
2,25,6,1,1,26.4356,12.7309,51.84183449590704,945.6944423429012,1963.7260523607915
2,25,7,1,1,26.2066,12.7545,51.3309624293117,953.9581632107943,1960.0925163667725
2,25,8,1,1,26.7955,12.8827,51.92215110746207,932.9924800806106,1940.5869887523577
2,25,9,1,1,26.1523,12.7573,51.21920442943833,955.9388657976546,1959.66231099057
2,25,10,1,1,26.2006,12.6974,51.53775104386923,954.1766219094219,1968.9070203348717
2,25,11,1,1,26.2694,12.9518,50.69624734481945,951.677617303783,1930.2336354792383
2,25,12,1,1,26.1997,12.7314,51.40631381275358,954.2093993442674,1963.648930989522
2,25,13,1,1,26.4098,12.7148,51.85575051685359,946.6183007822854,1966.2126026362978
2,25,14,1,1,25.9689,12.7397,50.94247349714467,962.6899868689085,1962.369600540044
2,25,15,1,1,26.1161,12.9242,50.512519097415,957.2639100018763,1934.3557048018445
2,25,16,1,1,26.1485,12.7527,51.22970724898177,956.0777864887087,1960.3691767233604
2,25,17,1,1,26.51,12.8309,51.59977367031309,943.040362127499,1948.4213889906398
2,25,18,1,1,26.4564,12.689,52.03807018339607,944.9509381472915,1970.2104184726927
2,25,19,1,1,27.2858,13.4063,50.867117694918235,916.2274882906128,1864.7949098558142
2,25,20,1,1,26.3071,12.9932,50.60953126722443,950.3137936146516,1924.0833666841118
2,25,21,1,1,26.4693,12.7989,51.64624678401015,944.4904096443804,1953.2928611052512
2,25,22,1,1,26.0268,12.6601,51.357446939308716,960.5483578465273,1974.707940695571
2,25,23,1,1,26.2048,12.7894,51.19443766027597,954.0236903162779,1954.7437721863416
2,25,24,1,1,25.9912,12.6999,51.137692757548706,961.8640155129428,1968.5194371609225
2,25,25,1,1,29.9596,17.1663,42.7018384758141,834.4570688527217,1456.341785941059
2,25,26,1,1,33.394,15.8498,52.53698269150146,748.637479786788,1577.3069691731125
2,25,27,1,1,32.56,15.8631,51.28040540540541,767.8132678132677,1575.9845175281
2,25,28,1,1,29.0354,13.4835,53.56185897215124,861.017929837371,1854.11799606927
2,25,29,1,1,26.7623,13.3883,49.973283312719765,934.1499049035397,1867.3020473099648
2,25,30,1,1,31.7798,15.608,50.88704145400538,786.6632263261567,1601.742696053306
2,50,1,1,1,61.7061,27.8297,54.899596636313106,810.2926615034818,1796.641717302019
2,50,2,1,1,63.7928,29.7699,53.3334482888351,783.7875120703277,1679.548806008754
2,50,3,1,1,64.2211,29.1039,54.6817167566423,778.5603174034702,1717.9828132999357
2,50,4,1,1,61.8265,28.2914,54.24065732331606,808.714709711855,1767.3215181998771
2,50,5,1,1,63.8649,28.7544,54.97620758820573,782.902658580848,1738.8643129399327
2,50,6,1,1,60.4666,26.4164,56.31241048777342,826.9027860008665,1892.763586257022
2,50,7,1,1,59.6254,25.2357,57.676258775622465,838.5687978613141,1981.320113965533
2,50,8,1,1,52.5478,24.2002,53.946311739026186,951.5146209736657,2066.0986272840723
2,50,9,1,1,52.335,23.7352,54.64755899493647,955.3835865099837,2106.575887289764
2,50,10,1,1,52.8727,23.8416,54.90754207748044,945.6676129647246,2097.174686262667
2,50,11,1,1,53.1659,23.9412,54.96888042899678,940.4524328563986,2088.4500359213407
2,50,12,1,1,53.318,24.4804,54.086049739300044,937.7696087625193,2042.4502867600204
2,50,13,1,1,53.3438,23.9894,55.028700617503816,937.316051724849,2084.253878796468
2,50,14,1,1,52.9164,23.909,54.81741010348399,944.8866513972984,2091.2627044209294
2,50,15,1,1,52.5736,24.4663,53.46276458146294,951.0476741178082,2043.6273568132492
2,50,16,1,1,52.3634,24.1479,53.884010587547785,954.8654212675266,2070.57342460421
2,50,17,1,1,51.9441,23.9002,53.988614683862075,962.5732277583018,2092.0327026552077
2,50,18,1,1,52.62,24.3426,53.73888255416191,950.2090459901178,2054.012307641747
2,50,19,1,1,52.9739,24.3058,54.11740498622907,943.8610334523228,2057.122168371335
2,50,20,1,1,52.4482,23.8111,54.60072986298862,953.321562989769,2099.860989202515
2,50,21,1,1,51.8388,24.1587,53.396490659506,964.5284998881148,2069.6477873395506
2,50,22,1,1,53.0486,24.4891,53.8364820183756,942.5319424075282,2041.7246856764846
2,50,23,1,1,52.7586,24.2454,54.044648644960255,947.712789952728,2062.2468591980332
2,50,24,1,1,52.8352,23.7686,55.0137029858882,946.3388044334081,2103.6156946559745
2,50,25,1,1,52.9871,24.2007,54.32718529604375,943.6259013986424,2066.055940530646
2,50,26,1,1,52.6697,23.9392,54.54844056449913,949.3124130192501,2088.624515439112
2,50,27,1,1,52.8546,24.1768,54.257907542579076,945.9914558051713,2068.0983422123686
2,50,28,1,1,52.6502,23.9387,54.532556381552205,949.6640088736605,2088.668139873928
2,50,29,1,1,53.5024,24.4255,54.34690780226681,934.5375160740454,2047.0410022312747
2,50,30,1,1,54.7881,24.8746,54.59853508334839,912.6069347175755,2010.0825741921478
2,100,1,1,1,107.7733,48.8646,54.659827619642336,927.8736013465301,2046.471269589846
2,100,2,1,1,113.5068,51.1535,54.933537021570515,881.004486074843,1954.900446694752
2,100,3,1,1,106.0977,46.8906,55.80431998054623,942.5275005961486,2132.623596200518
2,100,4,1,1,105.7282,46.7612,55.772253760113195,945.8214553922228,2138.525102007647
2,100,5,1,1,107.1201,46.0855,56.97772873625024,933.5316154484547,2169.8798971476926
2,100,6,1,1,106.3852,46.5566,56.23770975662028,939.9803732098073,2147.923173083945
2,100,7,1,1,106.5871,46.5517,56.32520258080012,938.1998384419878,2148.1492620033214
2,100,8,1,1,105.6426,47.0596,55.45395512795028,946.5878348317818,2124.9649380785218
2,100,9,1,1,105.0837,47.0226,55.252241784406145,951.6223734032967,2126.6369788144425
2,100,10,1,1,104.6549,46.8209,55.26162654591423,955.521432823499,2135.798329378547
2,100,11,1,1,104.3737,46.9962,54.973139785214094,958.0957655041452,2127.8316119175593
2,100,12,1,1,106.3561,46.9112,55.89232775553071,940.2375604220163,2131.6871024403554
2,100,13,1,1,104.6375,46.0115,56.02771472942301,955.6803249313105,2173.3697010529977
2,100,14,1,1,105.8393,47.4021,55.2131391647526,944.8286222603514,2109.6111775638633
2,100,15,1,1,110.8777,47.4702,57.186882484034214,901.8946100072421,2106.584762651095
2,100,16,1,1,106.0736,46.8714,55.81237932906962,942.7416435380717,2133.497185917212
2,100,17,1,1,105.392,48.269,54.20050857750114,948.8386215272507,2071.7230520624003
2,100,18,1,1,107.7508,46.6919,56.66677184763362,928.0673554163867,2141.6990955604724
2,100,19,1,1,105.3219,47.5146,54.886305697105726,949.470148183806,2104.6162653163447
2,100,20,1,1,109.1656,47.4149,56.5660794242875,916.03948496596,2109.041672554408
2,100,21,1,1,113.1375,47.1652,58.311611976577176,883.8802342282621,2120.2072714628584
2,100,22,1,1,106.138,46.6229,56.07331964046807,942.1696282198646,2144.86872330979
2,100,23,1,1,105.0258,46.9071,55.3375456316448,952.1469962618709,2131.873426410927
2,100,24,1,1,105.9849,48.2113,54.51116149564702,943.5306350244233,2074.2025209857443
2,100,25,1,1,108.684,47.1274,56.63814360899489,920.0986345736262,2121.9078497858995
2,100,26,1,1,105.0997,46.9013,55.374468243011165,951.4775018387303,2132.137062298913
2,100,27,1,1,106.9497,47.0159,56.039240876786,935.0189855605017,2126.940035179588
2,100,28,1,1,105.692,46.6515,55.860897702758955,946.1454036256292,2143.5537978414413
2,100,29,1,1,107.9824,47.0121,56.463182889063404,926.0768421520545,2127.111956283595
2,100,30,1,1,119.9805,52.9836,55.83982397139536,833.4687720087848,1887.3764712099592
2,200,1,1,1,247.8653,116.814,52.87198329092455,806.88987123248,1712.12354683514
2,200,2,1,1,274.4655,104.529,61.91543199418506,728.6890337765584,1913.3446220666035
2,200,3,1,1,230.2161,101.6245,55.85691009447212,868.7489710754373,1968.029362998096
2,200,4,1,1,219.0739,103.3044,52.84495323267628,912.9339460337355,1936.025958236048
2,200,5,1,1,220.2505,92.353,58.069107675124464,908.0569624132522,2165.6037161759773
2,200,6,1,1,212.5629,94.1871,55.68977465023295,940.8979647906572,2123.4330391316857
2,200,7,1,1,210.9162,92.4305,56.17667111393056,948.2438997099322,2163.7879271452607
2,200,8,1,1,212.1648,91.9339,56.668636833254155,942.6634389870516,2175.476075745726
2,200,9,1,1,208.324,92.3066,55.690846949943364,960.0430099268447,2166.6923058589527
2,200,10,1,1,209.1982,92.609,55.731454668348015,956.031170440281,2159.617315811638
2,200,11,1,1,214.1264,92.5561,56.77501699930508,934.0277518325624,2160.8516348463254
2,200,12,1,1,211.2429,90.5245,57.14672540473549,946.777382813813,2209.3466409646007
2,200,13,1,1,208.4196,92.2527,55.73703240961983,959.6026477356256,2167.9582277808668
2,200,14,1,1,214.9958,98.5339,54.16938377400861,930.250730479386,2029.7582862344836
2,200,15,1,1,211.3917,91.7129,56.61471098439531,946.1109400227161,2180.7183068030777
2,200,16,1,1,233.1086,100.843,56.73990577782202,857.9692040533897,1983.280941661791
2,200,17,1,1,212.3318,92.6248,56.37733019736092,941.9220295782357,2159.2489268532836
2,200,18,1,1,211.7412,91.6851,56.699451972502274,944.5492894155697,2181.3795262261806
2,200,19,1,1,211.37,91.8014,56.56838718834272,946.208071154847,2178.6160123919676
2,200,20,1,1,209.9264,92.8359,55.77692943812689,952.7148562543824,2154.339000322074
2,200,21,1,1,210.4109,92.0927,56.231972773273625,950.5210994297348,2171.7247946905673
2,200,22,1,1,210.5469,97.665,53.613660424352005,949.9071228310653,2047.8165156401985
2,200,23,1,1,282.7225,121.0595,57.18080449911132,707.4074401577518,1652.0801754509146
2,200,24,1,1,295.7043,130.9763,55.70700189344558,676.3513415259772,1526.9938149115526
2,200,25,1,1,212.7177,95.1812,55.25468731563006,940.2132497671796,2101.255289910192
2,200,26,1,1,211.4688,92.1515,56.423122465347134,945.7659947945041,2170.339061219839
2,200,27,1,1,211.0009,92.6277,56.10080336150225,947.8632555595735,2159.181324808885
2,200,28,1,1,218.3541,92.3514,57.70567165901625,915.9434148477176,2165.641235541638
2,200,29,1,1,224.9358,97.6689,56.57921060142494,889.1425909081614,2047.7347446321196
2,200,30,1,1,214.2845,91.0695,57.50065917040196,933.3386222521926,2196.124937547697
2,300,1,1,1,318.2981,136.6471,57.06945784470595,942.5126948605727,2195.436273437197
2,300,2,1,1,315.3029,137.1233,56.510612493573646,951.4660347240701,2187.8119911058147
2,300,3,1,1,324.5367,136.4248,57.96321340544844,924.3946832515397,2199.013669068967
2,300,4,1,1,327.6334,135.6978,58.5824277988752,915.6575611643989,2210.7948691872675
2,300,5,1,1,313.1431,136.6617,56.35806760551326,958.0284540837719,2195.2017280628
2,300,6,1,1,317.3196,137.8314,56.56385549458652,945.4190664553971,2176.5722469625935
2,300,7,1,1,318.1405,136.7401,57.018958604767384,942.9795954931863,2193.9431081299485
2,300,8,1,1,316.0964,136.4695,56.82661998048697,949.0775598836304,2198.2933915636822
2,300,9,1,1,372.8492,162.0591,56.5349476410302,804.6148416035223,1851.176515234257
2,300,10,1,1,398.9044,171.9838,56.88596064620997,752.0598920443093,1744.3503399738813
2,300,11,1,1,367.7147,137.0555,62.727761495529,815.8498966726106,2188.8942800544305
2,300,12,1,1,317.7343,136.9617,56.894266687606596,944.1851257481486,2190.393372745811
2,300,13,1,1,313.9068,136.976,56.36411826695057,955.6976784191996,2190.164700385469
2,300,14,1,1,316.6276,138.0013,56.41526512533967,947.485310819398,2173.892564780187
2,300,15,1,1,316.3251,136.1174,56.96914345399717,948.3913859507196,2203.9797997904748
2,300,16,1,1,314.1215,144.1577,54.107662162570854,955.0444652785625,2081.0542898506287
2,300,17,1,1,318.5031,138.7685,56.43103630702496,941.9060599410177,2161.873912307188
2,300,18,1,1,321.2768,139.6722,56.525899162342256,933.7742407792907,2147.886265126489
2,300,19,1,1,320.4148,136.0627,57.53545092174269,936.2863388332873,2204.8658449376644
2,300,20,1,1,317.9129,136.0861,57.19390436814612,943.6546928419702,2204.4867183349365
2,300,21,1,1,334.8978,155.0818,53.69279822083036,895.7956725902648,1934.4629737338619
2,300,22,1,1,317.4076,139.4244,56.07401965170336,945.1569527635759,2151.703719004708
2,300,23,1,1,318.7903,135.9527,57.3535643964073,941.0574913979502,2206.6498127657637
2,300,24,1,1,315.0774,138.5458,56.02801089510069,952.1469962618709,2165.3489315446586
2,300,25,1,1,389.9323,136.3851,65.02338995769266,769.3643229863235,2199.6537744958946
2,300,26,1,1,315.4297,136.8148,56.625897941760094,951.0835536412708,2192.7452293172964
2,300,27,1,1,322.1103,157.4917,51.106282537379265,931.3579851373893,1904.8622879808902
2,300,28,1,1,323.1569,142.316,55.960711344860655,928.3416198137808,2107.9850473593974
2,300,29,1,1,319.2511,139.3428,56.35322791370178,939.6991897600352,2152.9637699256796
2,300,30,1,1,316.1799,139.0955,56.00748181652281,948.8269178401284,2156.791556879986
2,500,1,1,1,532.7651,228.2825,57.151378722067186,938.4999130010581,2190.26863644826
2,500,2,1,1,527.202,224.0114,57.50937970645028,948.4030788957555,2232.029262796447
2,500,3,1,1,524.2356,227.4589,56.61132132193999,953.7696409782167,2198.1993230425364
2,500,4,1,1,541.5288,226.5603,58.162834552843734,923.3119272696115,2206.9179816587457
2,500,5,1,1,525.8736,223.9602,57.41178108199385,950.7988231392486,2232.539531577486
2,500,6,1,1,527.2807,226.2367,57.093688428193936,948.2615237007536,2210.0746695827866
2,500,7,1,1,532.5684,231.664,56.50061100132866,938.8465406509287,2158.29822501554
2,500,8,1,1,606.9081,228.8674,62.289611886873814,823.8479598476277,2184.6711239783385
2,500,9,1,1,542.4836,231.5104,57.32398177567027,921.6868491508313,2159.73018922692
2,500,10,1,1,528.1122,228.6537,56.70357549020834,946.7685086616063,2186.712920018351
2,500,11,1,1,526.5181,227.0092,56.88482504210207,949.6349698139533,2202.5539053042785
2,500,12,1,1,539.0751,229.8043,57.37063351655456,927.5145522395674,2175.76433513211
2,500,13,1,1,528.6752,224.804,57.47786164359516,945.7602701999261,2224.1597124606324
2,500,14,1,1,524.1913,232.3678,55.67118340193743,953.8502451299746,2151.7611304147995
2,500,15,1,1,581.4274,238.2113,59.02991499884594,859.9525925334788,2098.9768327531065
2,500,16,1,1,541.2751,261.5579,51.67745569674274,923.7446910083248,1911.6226273417853
2,500,17,1,1,534.564,226.8486,57.563809010707786,935.3416990294896,2204.113227941455
2,500,18,1,1,530.2858,228.7761,56.85796225356213,942.887778628053,2185.542982855289
2,500,19,1,1,530.8051,225.7781,57.46497160633913,941.9653277634295,2214.563768585173
2,500,20,1,1,553.4625,251.4473,54.56832215371411,903.4035729611311,1988.4882438586533
2,500,21,1,1,527.5229,228.6246,56.660725060466575,947.8261512438606,2186.991251160199
2,500,22,1,1,527.9711,226.2634,57.144737657042214,947.0215320497656,2209.813871797206
2,500,23,1,1,536.5484,229.3796,57.24903848376028,931.8823800425087,2179.79279761583
2,500,24,1,1,534.9611,228.3126,57.321644508357714,934.6473977266759,2189.9798784648765
2,500,25,1,1,542.2699,236.0537,56.469333813291136,922.0500713758961,2118.162096167101
2,500,26,1,1,534.0394,233.3081,56.31256794910639,936.2605081198128,2143.0889026141826
2,500,27,1,1,572.9738,229.1026,60.01516997810371,872.6402498683186,2182.4283094124644
2,500,28,1,1,533.1351,239.8381,55.013635380600526,937.8485865965306,2084.7396639649833
2,500,29,1,1,541.2946,238.1562,56.00247998040253,923.7114133412748,2099.4624536333718
2,500,30,1,1,562.2033,228.981,59.27078336253096,889.3579955862942,2183.5872845345248
4,1,1,1,1,1.1169,4.1416,-270.8120691198854,895.335303071,241.45257871354065
4,1,2,1,1,1.0721,3.9443,-267.9041134222554,932.7488107452663,253.53041097279615
4,1,3,1,1,1.1273,4.1426,-267.4798190366362,887.0753126940477,241.3942934389031
4,1,4,1,1,1.0481,3.9895,-280.6411601946379,954.1074324968992,250.6579771901241
4,1,5,1,1,1.0577,3.9331,-271.8540228798336,945.4476694714946,254.25237090335867
4,1,6,1,1,1.0504,3.9197,-273.16260472201066,952.018278750952,255.12156542592547
4,1,7,1,1,1.0416,3.969,-281.04838709677415,960.0614439324115,251.9526329050139
4,1,8,1,1,1.0546,3.9292,-272.5772804854921,948.2268158543524,254.50473378804847
4,1,9,1,1,1.0303,4.064,-294.4482189653499,970.5910899737939,246.06299212598427
4,1,10,1,1,1.0737,4.002,-272.7298127968706,931.3588525658935,249.87506246876566
4,1,11,1,1,1.0554,4.1508,-293.2916429789654,947.5080538184575,240.91741351064852
4,1,12,1,1,1.054,4.0446,-283.73814041745726,948.7666034155598,247.24323789744352
4,1,13,1,1,1.0529,3.9889,-278.84889353214936,949.7578117580018,250.69568051342475
4,1,14,1,1,1.0675,3.9578,-270.7540983606558,936.7681498829041,252.66562231542775
4,1,15,1,1,1.1096,4.0314,-263.3201153568853,901.2256669069936,248.0527856327827
4,1,16,1,1,1.0372,3.9347,-279.3578866178172,964.1342074816816,254.14898213332654
4,1,17,1,1,1.0461,3.9197,-274.69649173119205,955.9315553006404,255.12156542592547
4,1,18,1,1,1.0466,3.971,-279.41907127842546,955.4748710108925,251.82573659027955
4,1,19,1,1,1.0545,3.95,-274.5851114272167,948.3167377904219,253.1645569620253
4,1,20,1,1,1.0454,3.9938,-282.0355844652763,956.5716472163764,250.38810155741402
4,1,21,1,1,1.0528,3.9522,-275.3989361702128,949.8480243161094,253.02363240726683
4,1,22,1,1,1.0839,4.0441,-273.10637512685673,922.5943352707814,247.27380628570015
4,1,23,1,1,1.0628,4.4589,-319.54271735039515,940.910801656003,224.27056000358832
4,1,24,1,1,1.0802,4.1756,-286.55804480651733,925.754489909276,239.48654085640388
4,1,25,1,1,1.0972,4.1222,-275.7017863652935,911.4108640174991,242.58890883508803
4,1,26,1,1,1.0836,4.1345,-281.5522332964194,922.8497600590625,241.86721489902044
4,1,27,1,1,1.0852,4.2508,-291.70659786214526,921.4891264283082,235.24983532511527
4,1,28,1,1,1.1347,4.0099,-253.3885608530889,881.2902088657795,249.38277762537717
4,1,29,1,1,1.0702,4.0219,-275.80826013829187,934.4047841524948,248.63870310052468
4,1,30,1,1,1.0455,3.9684,-279.56958393113337,956.4801530368245,251.99072674125594
4,2,1,1,1,2.1427,4.7461,-121.50091006673824,933.4017827974052,421.3986220265059
4,2,2,1,1,2.0877,4.8314,-131.4221391962447,957.9920486659961,413.95868692304504
4,2,3,1,1,2.1289,4.9157,-130.90328338578612,939.4522993095026,406.8596537624346
4,2,4,1,1,2.1064,4.7614,-126.04443600455755,949.48727687049,420.0445247196203
4,2,5,1,1,2.1483,4.7587,-121.51003118745056,930.968672904157,420.2828503582911
4,2,6,1,1,2.1231,4.817,-126.88521501577884,942.0187461730487,415.1961801951422
4,2,7,1,1,2.1488,4.8373,-125.11634400595679,930.7520476545047,413.4537862030472
4,2,8,1,1,2.1742,4.7506,-118.49875816392239,919.8785760279644,420.99945270071146
4,2,9,1,1,2.08,4.9741,-139.13942307692307,961.5384615384614,402.0827888462234
4,2,10,1,1,2.1076,4.7978,-127.64281647371413,948.946669197191,416.8577264579599
4,2,11,1,1,2.0812,4.8081,-131.02536997885832,960.9840476648087,415.96472619121903
4,2,12,1,1,2.1343,4.7328,-121.7495197488638,937.0753877149417,422.58282623394183
4,2,13,1,1,2.188,4.785,-118.69287020109688,914.0767824497257,417.9728317659352
4,2,14,1,1,2.1243,4.7969,-125.81085534058279,941.4866073530104,416.9359377931581
4,2,15,1,1,2.1011,4.8179,-129.30369806291938,951.8823473418685,415.11862014570664
4,2,16,1,1,2.0939,4.8178,-130.0873967238168,955.1554515497397,415.12723649798664
4,2,17,1,1,2.1781,4.7179,-116.60621642716129,918.2314861576604,423.91742088641126
4,2,18,1,1,2.1059,4.8037,-128.10674770881806,949.7127119046488,416.345733497096
4,2,19,1,1,2.1068,4.8291,-129.21492310613257,949.3070058857036,414.15584684516784
4,2,20,1,1,2.1008,4.8317,-129.99333587204873,952.018278750952,413.93298424985
4,2,21,1,1,2.1125,4.7653,-125.57633136094677,946.7455621301776,419.70075336285225
4,2,22,1,1,2.1144,4.7461,-124.46556942867954,945.8948164964057,421.3986220265059
4,2,23,1,1,2.1018,4.7553,-126.24892948900944,951.5653249595584,420.58334910520887
4,2,24,1,1,2.128,4.7954,-125.34774436090223,939.8496240601503,417.0663552571214
4,2,25,1,1,2.1867,4.8832,-123.3136689989482,914.6202039603054,409.56749672345995
4,2,26,1,1,2.1281,4.873,-128.9836003947183,939.8054602697242,410.42478965729526
4,2,27,1,1,2.1139,4.7722,-125.75334689436585,946.1185486541463,419.0939189472361
4,2,28,1,1,2.1305,4.7458,-122.75522177892512,938.7467730579676,421.4252602300982
4,2,29,1,1,2.1074,4.814,-128.43314036253201,949.0367277213627,415.45492314083924
4,2,30,1,1,2.1141,4.7455,-124.46904119956481,946.0290430916228,421.4519018017069
4,5,1,1,1,5.4997,7.4602,-35.647398949033594,909.1404985726494,670.2233184096941
4,5,2,1,1,5.3683,7.1197,-32.62485330551572,931.3935510310528,702.2767813250558
4,5,3,1,1,5.2392,7.1751,-36.950297755382486,954.3441746831577,696.8543992418224
4,5,4,1,1,5.2116,7.2116,-38.37593061631745,959.3982654079363,693.3274169393756
4,5,5,1,1,5.2038,7.0633,-35.73350244052423,960.8363119259002,707.8844166324523
4,5,6,1,1,5.2442,7.0696,-34.80797833797338,953.4342702414095,707.2535928482516
4,5,7,1,1,5.4495,7.1769,-31.69832094687587,917.5153683824205,696.6796249076899
4,5,8,1,1,5.2649,7.2395,-37.50498584968375,949.6856540485098,690.6554320049728
4,5,9,1,1,5.4345,7.1066,-30.76823994847733,920.0478424878094,703.5713280612388
4,5,10,1,1,5.2478,7.2229,-37.63672396051679,952.7802126605435,692.2427279901425
4,5,11,1,1,5.2217,7.1054,-36.07445850968075,957.542562766915,703.6901511526444
4,5,12,1,1,5.2754,7.0733,-34.080827994085745,947.795427834856,706.8836328163658
4,5,13,1,1,5.2215,7.2039,-37.96610169491526,957.5792396820838,694.0684906786602
4,5,14,1,1,5.2632,7.159,-36.01991184070526,949.9924000607995,698.421567257997
4,5,15,1,1,5.2236,7.1899,-37.64262194655026,957.1942721494754,695.4199641163299
4,5,16,1,1,5.2875,7.2952,-37.970685579196235,945.6264775413712,685.3821690974887
4,5,17,1,1,5.3118,7.2059,-35.658345570239845,941.3005007718664,693.875851732608
4,5,18,1,1,5.3275,7.0385,-32.11637728765838,938.5265133740029,710.3786318107552
4,5,19,1,1,5.2445,7.2038,-37.35913814472303,953.3797311469158,694.0781254337988
4,5,20,1,1,5.244,7.0545,-34.52517162471396,953.4706331045005,708.7674533985399
4,5,21,1,1,5.2819,7.0971,-34.36642117419867,946.6290539389234,704.5131109889954
4,5,22,1,1,5.2325,6.9847,-33.48686096512184,955.5661729574773,715.8503586410296
4,5,23,1,1,5.2337,7.2546,-38.61321818216558,955.3470775932897,689.2178755548204
4,5,24,1,1,5.2341,7.0255,-34.2255593129669,955.2740681301467,711.6931179275496
4,5,25,1,1,5.4333,7.0729,-30.17687225075,920.2510444849354,706.9236098347212
4,5,26,1,1,5.3968,7.0942,-31.451971538689598,926.4749481174028,704.8011051281328
4,5,27,1,1,5.4418,7.1116,-30.684699915469157,918.8136278437281,703.0766634793858
4,5,28,1,1,5.2449,7.0302,-34.038780529657366,953.3070220595245,711.2173195641661
4,5,29,1,1,5.3195,6.969,-31.008553435473274,939.9379640943698,717.4630506528913
4,5,30,1,1,5.588,7.3242,-31.070150322118828,894.7745168217609,682.6684142978072
4,10,1,1,1,10.6109,11.334,-6.814690554052896,942.4271268224184,882.3010411152285
4,10,2,1,1,10.6288,11.078,-4.226253198855932,940.8399819358723,902.6900162484203
4,10,3,1,1,11.2559,11.7948,-4.787711333611705,888.4229604029886,847.831247668464
4,10,4,1,1,10.8872,11.4199,-4.892901756190757,918.5098096847674,875.6644103713693
4,10,5,1,1,10.7129,11.237,-4.892232728766261,933.4540600584343,889.9172376968942
4,10,6,1,1,10.9841,11.2576,-2.489962764359395,910.4068608261032,888.2888004548039
4,10,7,1,1,11.0838,11.3898,-2.7607860120175314,902.2176509861239,877.9785422044287
4,10,8,1,1,10.7308,11.1332,-3.749953405151527,931.8969694710553,898.2143498724535
4,10,9,1,1,10.8522,11.2993,-4.119901955363896,921.4721438970901,885.0105758763817
4,10,10,1,1,10.7996,11.1652,-3.3853105670580446,925.9602207489166,895.6400243614087
4,10,11,1,1,10.7437,11.3402,-5.552090992860922,930.7780373614304,881.8186628101797
4,10,12,1,1,10.6532,10.9793,-3.0610520782487916,938.6850899260317,910.8048782709279
4,10,13,1,1,10.8,11.1152,-2.918518518518509,925.9259259259259,899.6689218367641
4,10,14,1,1,10.5995,11.2573,-6.205953110995801,943.4407283362422,888.3124727954304
4,10,15,1,1,10.7199,11.1609,-4.113844345562915,932.8445228033843,895.985090808089
4,10,16,1,1,10.5814,11.2104,-5.9443929914756035,945.0545296463605,892.0288303717975
4,10,17,1,1,10.6628,11.1451,-4.523202160783271,937.8399669880332,897.2552960493849
4,10,18,1,1,10.9199,11.2309,-2.8480114286760863,915.7593018251083,890.4005912259926
4,10,19,1,1,10.7483,11.1829,-4.0434301238335335,930.3796879506526,894.2224288869613
4,10,20,1,1,10.7596,11.1917,-4.015948548273171,929.402580021562,893.5193044845734
4,10,21,1,1,10.644,11.008,-3.419767004885372,939.4964299135663,908.4302325581397
4,10,22,1,1,10.6706,11.0044,-3.1282214683335527,937.1544243060371,908.7274181236595
4,10,23,1,1,11.1299,11.832,-6.308232778371787,898.4806691884024,845.1656524678837
4,10,24,1,1,11.2889,11.7837,-4.383066552099848,885.8258997776578,848.6298870473621
4,10,25,1,1,11.3996,11.9826,-5.1142145338432945,877.2237622372716,834.54342129421
4,10,26,1,1,11.5469,11.7944,-2.143432436411493,866.0333076410118,847.860001356576
4,10,27,1,1,10.9937,12.9629,-17.9120769167796,909.6118686156617,771.4323183855465
4,10,28,1,1,11.5789,11.8252,-2.1271450655934476,863.6398967086683,845.6516591685552
4,10,29,1,1,10.9389,11.4298,-4.487654151697153,914.1687006920257,874.9059476106319
4,10,30,1,1,10.7437,11.2135,-4.372795219523994,930.7780373614304,891.7822267802203
4,25,1,1,1,26.7794,22.9422,14.328924471795482,933.5534029888646,1089.6949725832744
4,25,2,1,1,31.768,27.813,12.44963485268195,786.9554268446236,898.860245209075
4,25,3,1,1,27.1292,22.8648,15.718856435132631,921.5162997803105,1093.3837164549877
4,25,4,1,1,27.2476,23.4891,13.793875423890539,917.512001056974,1064.3234521544036
4,25,5,1,1,27.4565,23.539,14.268023965181275,910.5312039043579,1062.0672076128976
4,25,6,1,1,27.0016,23.7771,11.941884925337755,925.8710594927708,1051.4318398795479
4,25,7,1,1,26.3235,22.8119,13.340171329800361,949.7217315326609,1095.9192351360473
4,25,8,1,1,26.5465,22.7825,14.17889363946284,941.7437326954589,1097.333479644464
4,25,9,1,1,26.5762,22.9135,13.781880027994976,940.6912952190305,1091.0598555436752
4,25,10,1,1,28.8483,22.9898,20.30795575475851,866.6021914636219,1087.4387771968438
4,25,11,1,1,25.9988,22.2978,14.235272397187563,961.5828422850286,1121.186843545103
4,25,12,1,1,26.3553,22.6796,13.946720394000446,948.5758082814463,1102.3122100918888
4,25,13,1,1,26.2473,22.7553,13.304225577487975,952.4789216414641,1098.6451508000334
4,25,14,1,1,26.1858,22.4526,14.256581811516165,954.7159147324121,1113.4567934225881
4,25,15,1,1,27.0784,23.8917,11.76842058614984,923.2450957220516,1046.3884947492224
4,25,16,1,1,32.8502,26.8048,18.40293209782589,761.0303742442968,932.6687757416582
4,25,17,1,1,28.4475,24.7655,12.943140873538983,878.8118463836893,1009.4688175082272
4,25,18,1,1,27.7815,24.2681,12.64654536292137,899.8794161582348,1030.1589329201709
4,25,19,1,1,27.9626,24.4592,12.528877858282131,894.0513400041485,1022.1102897887093
4,25,20,1,1,31.6672,25.1265,20.654494240097012,789.46038803557,994.965474698028
4,25,21,1,1,26.3273,22.7598,13.550572979378828,949.584651673358,1098.4279299466602
4,25,22,1,1,25.9674,23.0816,11.113164968383433,962.745596401642,1083.1138222653542
4,25,23,1,1,26.8314,22.9485,14.471477448064581,931.7441505102231,1089.3958210776304
4,25,24,1,1,27.0365,23.2125,14.143842583174603,924.6759010966656,1077.0059235325796
4,25,25,1,1,26.1362,22.7057,13.125473481225269,956.5277278257743,1101.0451120203297
4,25,26,1,1,27.7288,23.3338,15.84994662589077,901.5896829289403,1071.4071432857056
4,25,27,1,1,41.1153,48.4445,-17.825967462234257,608.0461531352075,516.0544540659931
4,25,28,1,1,31.6756,25.8136,18.506358206316527,789.2510323403503,968.4817305606346
4,25,29,1,1,32.0976,24.1831,24.65760679926225,778.8744329794129,1033.7797883646017
4,25,30,1,1,28.4861,24.6767,13.372837980629148,877.6210151617806,1013.1014276625319
4,50,1,1,1,77.3245,51.4467,33.466495095344946,646.6255843878719,971.8796346510078
4,50,2,1,1,52.9238,43.1726,18.424980821482954,944.754533877008,1158.1419696752105
4,50,3,1,1,52.9742,42.9278,18.96470357268256,943.8556882406906,1164.7463881214505
4,50,4,1,1,52.7291,41.858,20.616888966434104,948.2430005442915,1194.5147880930765
4,50,5,1,1,52.4524,41.9219,20.07629774805347,953.2452280543885,1192.6940334288283
4,50,6,1,1,52.6624,42.3966,19.493604545178343,949.4440055903264,1179.3398527240392
4,50,7,1,1,74.2669,65.7983,11.402926471954544,673.2474359371402,759.8980520773332
4,50,8,1,1,55.4124,45.2134,18.405627621254446,902.3251113469187,1105.8668447849532
4,50,9,1,1,55.182,48.017,12.984306476749662,906.0925664165851,1041.2978736697419
4,50,10,1,1,54.8697,43.2332,21.20751525887695,911.2497425719478,1156.5186014451856
4,50,11,1,1,54.9692,46.3583,15.664954192529637,909.6002852506494,1078.555512173656
4,50,12,1,1,88.0525,69.1568,21.459583771045672,567.8430481814827,722.9947018948245
4,50,13,1,1,65.2732,46.4731,28.802173020473944,766.0111653787466,1075.8912144875208
4,50,14,1,1,61.2201,69.3071,-13.209713803146355,816.7252258653613,721.4268090859377
4,50,15,1,1,55.5239,43.5041,21.647975016164203,900.5131123714292,1149.3169609301192
4,50,16,1,1,54.3491,52.3949,3.5956437181112477,919.9784357054671,954.2913527843359
4,50,17,1,1,67.2967,67.6255,-0.48858264966930187,742.9784818572084,739.3660675336965
4,50,18,1,1,64.9079,46.2113,28.80481420597492,770.3222566128313,1081.986440545927
4,50,19,1,1,53.7458,43.5557,18.959807091902995,930.3052517592072,1147.9553766785978
4,50,20,1,1,62.6365,44.7219,28.600895643913695,798.2566075690692,1118.020477663069
4,50,21,1,1,52.7129,42.6803,19.03253283351892,948.5344194684792,1171.5006689268819
4,50,22,1,1,54.2038,43.1771,20.343038679944947,922.4445518579878,1158.021265902527
4,50,23,1,1,52.959,42.8708,19.049075700069864,944.126588492985,1166.2950073243326
4,50,24,1,1,53.0541,42.1496,20.55354817064091,942.4342322271041,1186.2508778256495
4,50,25,1,1,52.7722,43.1417,18.249191809323843,947.4685535187087,1158.9714823477054
4,50,26,1,1,52.9224,43.0524,18.649947848170157,944.7795262497543,1161.3754401612919
4,50,27,1,1,53.0895,42.5571,19.838951205040548,941.8058184763465,1174.892086161886
4,50,28,1,1,52.9808,43.3886,18.105049376377867,943.7381088998278,1152.3764306753387
4,50,29,1,1,53.2492,42.6292,19.943961599423098,938.9812429106915,1172.904957165511
4,50,30,1,1,51.9558,41.9707,19.218451068023207,962.3564645333148,1191.3072691186946
4,100,1,1,1,104.7775,81.2754,22.430483643912098,954.4033785879601,1230.3845936162725
4,100,2,1,1,105.1177,83.0933,20.95213270457782,951.314574044143,1203.466464805225
4,100,3,1,1,109.3683,86.1113,21.264845480820316,914.3417242473367,1161.2877752397187
4,100,4,1,1,109.6292,85.4074,22.094296045214236,912.1657368657255,1170.8587312106447
4,100,5,1,1,105.8691,82.8992,21.696510124295013,944.5626722055821,1206.2842584729408
4,100,6,1,1,111.0601,83.1174,25.159980947252887,900.4133797826581,1203.117518112934
4,100,7,1,1,117.5016,90.5709,22.91943258644989,851.052240990761,1104.1073899011715
4,100,8,1,1,272.8519,154.3599,43.42722187384438,366.49918875404575,647.8366466938628
4,100,9,1,1,140.6467,92.5856,34.17150917867252,711.0013956957397,1080.0815677599971
4,100,10,1,1,117.5051,86.6973,26.218266270995898,851.0268915987476,1153.4384577143694
4,100,11,1,1,108.049,89.0485,17.585077140926803,925.5060204166627,1122.983542676182
4,100,12,1,1,109.8885,85.1678,22.496166568840227,910.0133316953094,1174.152672723729
4,100,13,1,1,106.5931,83.1525,21.990729231066553,938.1470282785658,1202.609662968642
4,100,14,1,1,118.2861,91.5041,22.641713607938726,845.4078712545261,1092.8472057536221
4,100,15,1,1,109.8622,83.6386,23.869538385359117,910.2311805152272,1195.6202040684566
4,100,16,1,1,114.5579,87.7461,23.404584057494073,872.9210294532285,1139.6517907918414
4,100,17,1,1,110.6913,84.1085,24.01525684493722,903.4133667234914,1188.9404756950844
4,100,18,1,1,137.7085,154.1528,-11.941383429490575,726.1715870843123,648.7069972131548
4,100,19,1,1,226.7698,165.4467,27.042004711385736,440.97582658713816,604.4242647329926
4,100,20,1,1,131.0274,91.6828,30.027765184991843,763.1991476591919,1090.7171246951445
4,100,21,1,1,114.5062,86.5963,24.374138692926675,873.3151567338712,1154.7837494211647
4,100,22,1,1,111.8656,90.219,19.350542079066315,893.929858687568,1108.4139704496836
4,100,23,1,1,114.8641,86.7089,24.511749101764604,870.5940324261453,1153.284149608633
4,100,24,1,1,124.6473,90.134,27.688766623906012,802.2636671632679,1109.4592495617635
4,100,25,1,1,122.0104,104.2226,14.578921141148626,819.6022634136106,959.484795044453
4,100,26,1,1,120.3843,91.5104,23.9847721006809,830.6731027218666,1092.7719690876665
4,100,27,1,1,111.952,89.9727,19.632789052451045,893.2399599828498,1111.4482504137366
4,100,28,1,1,120.1561,90.8253,24.41057923817434,832.2507138630498,1101.0148053460875
4,100,29,1,1,111.2332,85.9408,22.738175292988068,899.0121654326227,1163.5916817157859
4,100,30,1,1,113.2973,90.6609,19.979646469951188,882.6335667310694,1103.0113312354058
4,200,1,1,1,239.9795,177.3292,26.106521598719898,833.404519969414,1127.845837008231
4,200,2,1,1,231.4985,177.3924,23.372116881966836,863.9364833897412,1127.4440167673474
4,200,3,1,1,229.3281,173.8453,24.193633488438614,872.1129246699379,1150.4481283071789
4,200,4,1,1,226.6554,172.2991,23.981912630363087,882.3968014880741,1160.7721688621705
4,200,5,1,1,219.0485,167.3735,23.590665994060668,913.0398062529532,1194.932292148996
4,200,6,1,1,226.4836,191.0361,15.65124362205475,883.0661469528036,1046.9225450058914
4,200,7,1,1,238.3783,187.3177,21.419986634689483,839.0025434362104,1067.7047604150596
4,200,8,1,1,215.2467,180.1745,16.293954796984117,929.1663937240385,1110.0349938531813
4,200,9,1,1,295.3174,166.5521,43.60234107438303,677.2374401237448,1200.8254474125513
4,200,10,1,1,224.8374,168.7455,24.947762249518988,889.5317238146323,1185.2167909662776
4,200,11,1,1,218.7946,172.2653,21.26620126822143,914.0993424883429,1160.999922793505
4,200,12,1,1,223.7694,172.6609,22.839807408877174,893.7772546201581,1158.3398441685408
4,200,13,1,1,222.0981,166.2099,25.163745209886976,900.5029759372097,1203.297757835123
4,200,14,1,1,218.8341,172.5776,21.137702030899213,913.934345698408,1158.8989532824653
4,200,15,1,1,216.3465,177.2455,18.0733221937956,924.4429653356999,1128.3784355597181
4,200,16,1,1,240.0757,169.87,29.243151222718502,833.070568991364,1177.3709307117208
4,200,17,1,1,238.181,172.7018,27.49136161154753,839.6975409457514,1158.065521031049
4,200,18,1,1,228.998,175.6441,23.29884977161372,873.3700731010751,1138.6662005726353
4,200,19,1,1,230.3256,170.8217,25.834687937424242,868.3359557079195,1170.811436720276
4,200,20,1,1,224.5662,173.3532,22.805301955503552,890.6059772129554,1153.7139204814218
4,200,21,1,1,224.718,175.9294,21.711033384063587,890.004361021369,1136.8196560665813
4,200,22,1,1,223.3135,173.9412,22.108963407944433,895.6019228573284,1149.813845138472
4,200,23,1,1,262.1075,270.0394,-3.0262010816172693,763.0456968991731,740.6326632335874
4,200,24,1,1,225.9643,171.3937,24.150098046461327,885.0955659809979,1166.9040343956635
4,200,25,1,1,222.2036,170.8003,23.13342358089608,900.0754263207257,1170.958130635602
4,200,26,1,1,225.3482,165.6693,26.48297168559589,887.5154094862972,1207.224271485423
4,200,27,1,1,220.6461,172.4132,21.859847058253013,906.4288922396544,1160.003990413727
4,200,28,1,1,224.4759,167.7008,25.29229195650848,890.9642415956456,1192.6001545609802
4,200,29,1,1,221.669,172.0119,22.401463443241955,902.2461417699362,1162.7102543486817
4,200,30,1,1,224.8707,170.4555,24.198439369824523,889.39999742074,1173.3267627034622
4,300,1,1,1,333.619,255.2723,23.483884311145356,899.2293604381044,1175.2156422768942
4,300,2,1,1,341.5315,257.2639,24.673448861964424,878.3962826269319,1166.1177491284243
4,300,3,1,1,335.7744,267.8745,20.22188112018069,893.4570354380797,1119.92742870262
4,300,4,1,1,333.8917,268.0134,19.73043954072534,898.4949311408459,1119.3470177237407
4,300,5,1,1,382.2606,267.6833,29.97360962652181,784.8049210407769,1120.7273670042175
4,300,6,1,1,380.4391,408.0576,-7.259637613483994,788.562479513804,735.1903260716135
4,300,7,1,1,335.8585,252.1044,24.937317352396917,893.2333110521246,1189.983197437252
4,300,8,1,1,335.526,247.6021,26.20479485941477,894.1184885821069,1211.6213877022851
4,300,9,1,1,338.33,252.4027,25.39748174858865,886.7082434309699,1188.5768258421956
4,300,10,1,1,333.7768,250.5856,24.924200843198207,898.8042308512755,1197.1956888185114
4,300,11,1,1,350.5852,272.3242,22.322961722286042,855.7121065007879,1101.6281329386077
4,300,12,1,1,339.2672,249.7364,26.389465294611444,884.2587789211572,1201.2666155194038
4,300,13,1,1,326.2747,250.2329,23.306066942977804,919.4706178566712,1198.8831204849564
4,300,14,1,1,337.4313,249.5691,26.038544734883818,889.0698639989828,1202.0718911115198
4,300,15,1,1,349.3011,249.2036,28.656508668309378,858.8578736224993,1203.83493657395
4,300,16,1,1,345.465,276.2057,20.048138016875804,868.394772263471,1086.147027378508
4,300,17,1,1,336.4527,251.2272,25.330603677723488,891.6557958964218,1194.13821433348
4,300,18,1,1,431.7384,292.0246,32.36075364155701,694.8652239411643,1027.310712864601
4,300,19,1,1,333.1633,250.0459,24.94794594722768,900.4593243013261,1199.7797204433266
4,300,20,1,1,466.1522,253.4628,45.6266000675316,643.5666290966769,1183.6056415379298
4,300,21,1,1,341.7396,252.927,25.98838413809813,877.8613891980913,1186.1129891233438
4,300,22,1,1,354.1259,272.903,22.936164793368683,847.1563362069818,1099.2916897212563
4,300,23,1,1,328.5812,265.3974,19.229280311837687,913.016325949263,1130.3803277650798
4,300,24,1,1,336.1712,249.2672,25.851113956222306,892.4024425649787,1203.5277806305844
4,300,25,1,1,352.8767,289.0947,18.074868643920112,850.1553092057367,1037.7222411894788
4,300,26,1,1,334.8211,251.3507,24.92985059782672,896.0008792755295,1193.5514800635128
4,300,27,1,1,338.6278,254.3651,24.883574236964588,885.928444150185,1179.407080609722
4,300,28,1,1,418.0245,246.6954,40.985420710987036,717.6612854031283,1216.0745599634204
4,300,29,1,1,335.5467,249.0189,25.787111004220872,894.0633300819231,1204.7278339114018
4,300,30,1,1,330.9311,254.6192,23.059754734444724,906.5331121795442,1178.230078485833
4,500,1,1,1,565.312,417.1197,26.21424983018227,884.4673383901279,1198.6966810726033
4,500,2,1,1,564.6805,410.4114,27.31971442258056,885.4564660901164,1218.2897453628236
4,500,3,1,1,544.399,415.5272,23.672306525177305,918.4440088978856,1203.2906630420343
4,500,4,1,1,548.1493,415.7801,24.148384390894968,912.1602453929978,1202.5587564195594
4,500,5,1,1,556.47,411.9828,25.964957679659285,898.5210343774147,1213.6428996550342
4,500,6,1,1,572.3984,416.1512,27.296931647607682,873.5174661564391,1201.4863828339314
4,500,7,1,1,560.2163,415.8862,25.763281075541727,892.512409938804,1202.2519621954275
4,500,8,1,1,544.5126,419.6892,22.923877243611994,918.2523967305807,1191.3577952446715
4,500,9,1,1,548.7806,417.4125,23.93818221708275,911.1109248395442,1197.8558380498907
4,500,10,1,1,566.2286,419.4462,25.922816332484803,883.0355796227883,1192.0479908984753
4,500,11,1,1,552.4488,418.5851,24.23096945816517,905.0612473047277,1194.500234241496
4,500,12,1,1,552.045,419.317,24.04296751170647,905.7232653135161,1192.4152848560875
4,500,13,1,1,743.0639,409.8111,44.84847130912967,672.8896397739145,1220.074322047402
4,500,14,1,1,582.6603,458.4101,21.324638043813867,858.1329464183505,1090.72640415209
4,500,15,1,1,527.468,397.2077,24.695393843797156,947.924803021226,1258.7872792999733
4,500,16,1,1,533.3666,397.8593,25.406034048626204,937.4415270847483,1256.7256816668605
4,500,17,1,1,531.2753,395.0964,25.632454586162766,941.1316505773937,1265.5139353332502
4,500,18,1,1,543.5079,403.0732,25.838575667437397,919.9498296160922,1240.4694730386443
4,500,19,1,1,543.1166,407.0576,25.051526688744183,920.6126271964437,1228.3273915042982
4,500,20,1,1,533.8024,400.7669,24.92223714243323,936.6761932880032,1247.608023516912
4,500,21,1,1,535.0813,400.9981,25.05847242278884,934.4374396937436,1246.8887009689072
4,500,22,1,1,539.0956,406.0276,24.683562618578225,927.4792819677994,1231.443379711133
4,500,23,1,1,542.0014,400.5649,26.095227798304574,922.5068422332489,1248.2371770467157
4,500,24,1,1,538.6797,403.9284,25.015106379542427,928.1953635899033,1237.8431424975317
4,500,25,1,1,535.9791,400.6328,25.25216001892612,932.8721959494316,1248.0256234636806
4,500,26,1,1,532.5077,401.6455,24.574705680312224,938.9535587936099,1244.878879509418
4,500,27,1,1,529.2789,396.9511,25.001525660667753,944.6815280185929,1259.600993674032
4,500,28,1,1,535.2675,395.7314,26.068479778802192,934.112383060806,1263.4832616264466
4,500,29,1,1,532.1947,393.3579,26.08759538567371,939.505786134285,1271.1070503477877
4,500,30,1,1,526.1518,456.7633,13.187924093389013,950.296093256737,1094.6588747388416
6,1,1,1,1,1.7366,7.7085,-343.8846020960497,575.8378440631119,129.72692482324706
6,1,2,1,1,1.4999,8.6055,-473.7382492166144,666.7111140742717,116.2047527743885
6,1,3,1,1,1.5625,8.3691,-435.62239999999997,640.0,119.48716110453933
6,1,4,1,1,1.3958,7.6236,-446.1814013468978,716.4350193437456,131.17162495408994
6,1,5,1,1,1.3227,7.3077,-452.48355636198687,756.0293339381568,136.8419612189882
6,1,6,1,1,1.2842,6.9695,-442.7114156673415,778.694907335306,143.4823158045771
6,1,7,1,1,1.3005,6.677,-413.41791618608227,768.9350249903883,149.7678598172832
6,1,8,1,1,1.1848,6.8283,-476.325118163403,844.0243079000674,146.44933585226192
6,1,9,1,1,1.1642,6.4443,-453.5389108400619,858.9589417625838,155.17589187343853
6,1,10,1,1,1.1548,6.29,-444.68306200207826,865.9508139937651,158.98251192368838
6,1,11,1,1,1.1237,6.4144,-470.8285129482958,889.9172376968943,155.89922673983537
6,1,12,1,1,1.1428,6.2261,-444.8109905495274,875.0437521876094,160.61418865742598
6,1,13,1,1,1.1229,6.1151,-444.5809956362989,890.551251224508,163.52962339127734
6,1,14,1,1,1.0716,6.0239,-462.1407241508025,933.184023889511,166.0054117764239
6,1,15,1,1,1.0764,6.0208,-459.3459680416202,929.022668153103,166.0908849322349
6,1,16,1,1,1.0624,6.0149,-466.16152108433727,941.2650602409639,166.2538030557449
6,1,17,1,1,1.0515,6.0088,-471.4503090822634,951.022349025202,166.42258021568367
6,1,18,1,1,1.0856,6.1197,-463.7159174649964,921.1495946941784,163.40670294295472
6,1,19,1,1,1.068,5.998,-461.61048689138573,936.3295880149811,166.72224074691565
6,1,20,1,1,1.0792,5.9715,-453.326538176427,926.6123054114158,167.46211169722852
6,1,21,1,1,1.0642,6.2752,-489.66359706822027,939.6729937981582,159.3574706782254
6,1,22,1,1,1.0621,5.895,-455.0324828170605,941.5309292910272,169.63528413910095
6,1,23,1,1,1.0626,5.9576,-460.66252587991727,941.0878976096368,167.85282664160064
6,1,24,1,1,1.0464,5.9727,-470.78555045871553,955.65749235474,167.42846618782124
6,1,25,1,1,1.0654,5.8427,-448.40435517176655,938.6146048432514,171.15374741129958
6,1,26,1,1,1.0499,5.9397,-465.7395942470711,952.4716639679968,168.358671313366
6,1,27,1,1,1.0667,5.7856,-442.3830505296709,937.4707040404986,172.84292035398232
6,1,28,1,1,1.065,5.8525,-449.53051643192487,938.9671361502348,170.86715079026058
6,1,29,1,1,1.1185,5.8827,-425.945462673223,894.0545373267769,169.9899705917351
6,1,30,1,1,1.0387,5.8473,-462.94406469625494,962.741888899586,171.01910283378655
6,2,1,1,1,2.0852,6.961,-233.8288893151736,959.140610013428,287.31504094239335
6,2,2,1,1,2.0998,6.9526,-231.10772454519477,952.4716639679968,287.6621695480827
6,2,3,1,1,2.0865,7.0882,-239.71722981068774,958.5430146177811,282.15908129003134
6,2,4,1,1,2.122,6.9218,-226.19227144203583,942.5070688030162,288.94218266924787
6,2,5,1,1,2.146,7.004,-226.37465051258152,931.9664492078285,285.5511136493432
6,2,6,1,1,2.1103,6.9743,-230.4885561294603,947.7325498744256,286.76713075147325
6,2,7,1,1,2.072,6.8617,-231.1631274131274,965.2509652509652,291.4729585962662
6,2,8,1,1,2.1713,6.8861,-217.14180444894765,921.1071708193248,290.4401620656104
6,2,9,1,1,2.1013,7.0361,-234.8450958930186,951.7917479655451,284.24837623115076
6,2,10,1,1,2.1011,6.9285,-229.75584217790674,951.8823473418685,288.66276971927545
6,2,11,1,1,2.0901,6.9798,-233.94574422276443,956.892014736137,286.54116163786927
6,2,12,1,1,2.0998,7.0062,-233.660348604629,952.4716639679968,285.46144843138933
6,2,13,1,1,2.1438,7.0816,-230.32932176508996,932.9228472805299,282.4220515137822
6,2,14,1,1,2.1151,7.0445,-233.0575386506548,945.5817691834901,283.9094328909078
6,2,15,1,1,2.1335,7.0123,-228.67588469650806,937.4267635340989,285.2131255080359
6,2,16,1,1,2.0889,7.1109,-240.41361482119777,957.4417157355545,281.2583498572614
6,2,17,1,1,2.2971,7.0638,-207.50946846023248,870.6630098820252,283.13372405787254
6,2,18,1,1,2.1755,7.1589,-229.06917949896575,919.3288899103654,279.372529299194
6,2,19,1,1,2.1595,7.0919,-228.4047233155823,926.140310257004,282.01187269984064
6,2,20,1,1,2.1574,7.2218,-234.74552702326875,927.0418095856123,276.93926721869894
6,2,21,1,1,2.3159,7.4241,-220.57083639189946,863.5951465952761,269.3929230479115
6,2,22,1,1,2.373,8.0638,-239.81458069953644,842.8150021070375,248.02202435576277
6,2,23,1,1,2.3741,7.8402,-230.23882734509925,842.4244977043932,255.0955332772123
6,2,24,1,1,2.2814,7.4861,-228.13623213816078,876.6546857192951,267.16180654813587
6,2,25,1,1,2.2397,7.346,-227.99035585123008,892.9767379559763,272.2570106180234
6,2,26,1,1,2.2098,7.1815,-224.9841614625758,905.0592813829305,278.4933509712456
6,2,27,1,1,2.2376,7.282,-225.43796925277078,893.814801573114,274.649821477616
6,2,28,1,1,2.1945,7.1014,-223.59990886306676,911.3693324219639,281.6346072605402
6,2,29,1,1,2.1321,7.0578,-231.02574926129174,938.0423057079875,283.3744226246139
6,2,30,1,1,2.0986,7.0247,-234.73267892880972,953.0162965786715,284.7096673167537
6,5,1,1,1,5.205,10.2769,-97.44284341978866,960.6147934678194,486.5280386108651
6,5,2,1,1,5.3207,10.5233,-97.78036724491137,939.7259759054259,475.13612650024226
6,5,3,1,1,5.2338,10.3137,-97.05949787917004,955.3288241812833,484.7920726800275
6,5,4,1,1,5.2093,10.4641,-100.87343788992763,959.821857063329,477.82417981479534
6,5,5,1,1,5.4766,11.1327,-103.27758098090054,912.9752035934703,449.1273455675622
6,5,6,1,1,5.5599,10.6461,-91.48006259105381,899.2967499415457,469.65555461624444
6,5,7,1,1,5.3951,10.4836,-94.3170654853478,926.7668810587385,476.93540386890004
6,5,8,1,1,5.4429,10.6258,-95.22313472597328,918.6279373128297,470.55280543582603
6,5,9,1,1,5.3043,10.7235,-102.16616707199819,942.6314499556964,466.2656781834289
6,5,10,1,1,5.2934,10.4211,-96.86968677976346,944.5724864926134,479.7957989079848
6,5,11,1,1,5.2139,10.3587,-98.6746964843975,958.975047469265,482.6860513384884
6,5,12,1,1,5.2196,10.3867,-98.99417579891178,957.9278105601962,481.3848479305266
6,5,13,1,1,5.3831,10.4987,-95.0307443666289,928.8328286674964,476.2494404069075
6,5,14,1,1,5.3484,10.5138,-96.57841597487099,934.8590232592926,475.5654473168597
6,5,15,1,1,6.9759,10.6269,-52.33733281727088,716.7533938273198,470.50409809069436
6,5,16,1,1,5.3371,10.3675,-94.25343351258171,936.8383579097263,482.27634434530984
6,5,17,1,1,5.244,10.4206,-98.71472158657515,953.4706331045005,479.81882041341186
6,5,18,1,1,5.212,10.3807,-99.16922486569453,959.3246354566386,481.6630863043918
6,5,19,1,1,5.3147,10.43,-96.24814194592356,940.7868741415319,479.3863854266539
6,5,20,1,1,5.237,10.4064,-98.70918464769905,954.7450830628221,480.4735547355474
6,5,21,1,1,5.2733,10.3116,-95.54358750687426,948.1728708778185,484.89080259125643
6,5,22,1,1,5.4734,10.6101,-93.84843059158841,913.5089706580919,471.2490928454963
6,5,23,1,1,5.3279,10.5156,-97.36856922990297,938.45605210308,475.48404275552514
6,5,24,1,1,5.575,10.672,-91.42600896860986,896.8609865470852,468.51574212893547
6,5,25,1,1,5.3795,10.6461,-97.90129194163028,929.4544102611766,469.65555461624444
6,5,26,1,1,5.5355,10.888,-96.694065576732,903.2607713846988,459.2211609110948
6,5,27,1,1,5.4943,11.0292,-100.7389476366416,910.0340352729193,453.3420375004534
6,5,28,1,1,5.378,10.4976,-95.19523986612124,929.7136481963555,476.2993446121018
6,5,29,1,1,5.4341,10.6102,-95.25220367678183,920.1155665151543,471.2446513732069
6,5,30,1,1,5.4935,10.6634,-94.10940202056975,910.1665604805679,468.893598664591
6,10,1,1,1,10.7592,16.1536,-50.13755669566511,929.4371328723325,619.0570522979398
6,10,2,1,1,10.6461,16.1446,-51.6480213411484,939.3111092324889,619.4021530418839
6,10,3,1,1,10.7393,16.2748,-51.544327842596815,931.1593865521961,614.4468749231942
6,10,4,1,1,10.7035,16.0411,-49.867800252253936,934.2738356612324,623.3986447313464
6,10,5,1,1,11.1261,16.7527,-50.57117947888301,898.7875356144561,596.9187056414786
6,10,6,1,1,10.8484,15.964,-47.15534087976108,921.7949190664061,626.4094211976949
6,10,7,1,1,10.5909,16.0581,-51.621675211738385,944.2068190616473,622.7386801676413
6,10,8,1,1,10.7941,15.957,-47.830759396336894,926.4320323139492,626.6842138246536
6,10,9,1,1,10.5891,16.1707,-52.710806395255496,944.3673211132201,618.4024191902639
6,10,10,1,1,11.1925,18.0016,-60.83627429081973,893.4554389099843,555.5061772286908
6,10,11,1,1,11.4736,16.7747,-46.20258680797657,871.5660298424209,596.1358474369139
6,10,12,1,1,10.8124,16.2442,-50.236765195516256,924.8640449853872,615.6043387793798
6,10,13,1,1,11.1227,16.733,-50.44009098510254,899.0622780440002,597.6214665630789
6,10,14,1,1,10.7472,16.4675,-53.22595652821202,930.4749143963079,607.2567177774405
6,10,15,1,1,10.5088,18.8888,-79.74269183922044,951.5834348355663,529.4142560670873
6,10,16,1,1,10.8339,16.2973,-50.42874680401333,923.0286415787482,613.5985715425254
6,10,17,1,1,10.7243,16.5213,-54.05481010415599,932.4617923780573,605.2792455799483
6,10,18,1,1,10.5306,15.8435,-50.45201602947601,949.613507302528,631.1736674345947
6,10,19,1,1,10.6992,16.7364,-56.42664872139974,934.6493195752954,597.500059750006
6,10,20,1,1,10.8288,16.2414,-49.98337765957447,923.4633569739954,615.7104683093822
6,10,21,1,1,10.7055,16.1112,-50.49460557657278,934.0992947550324,620.6862306966583
6,10,22,1,1,10.6915,16.114,-50.71785998222889,935.3224524154703,620.578379049274
6,10,23,1,1,10.5169,15.8579,-50.784927117306445,950.850535804277,630.6005208760301
6,10,24,1,1,10.569,16.1518,-52.8224051471284,946.163307786924,619.1260416795651
6,10,25,1,1,10.5325,16.1073,-52.929503916449065,949.4422027059103,620.8365151204735
6,10,26,1,1,10.8661,16.3448,-50.42011393232163,920.293389532583,611.8153785913563
6,10,27,1,1,10.5977,16.1616,-52.50101437104277,943.6009700217973,618.7506187506187
6,10,28,1,1,10.4964,15.9225,-51.69486681147823,952.7075949849473,628.042078819281
6,10,29,1,1,10.6657,16.3332,-53.13762809754636,937.5849686377829,612.2498959175176
6,10,30,1,1,10.7745,16.1164,-49.579098798088076,928.1173140284933,620.4859646074806
6,25,1,1,1,26.4724,33.1158,-25.09557123645759,944.379806893217,754.9266513265571
6,25,2,1,1,26.9463,33.2794,-23.502670125397557,927.7711596768388,751.2154666249992
6,25,3,1,1,26.3562,32.6603,-23.91885021361197,948.5434167292706,765.4553081263798
6,25,4,1,1,27.5169,34.5042,-25.392758631967983,908.5325745269271,724.5494751363602
6,25,5,1,1,26.5461,33.0606,-24.540327957779116,941.7579230094063,756.1871230407191
6,25,6,1,1,26.1986,32.7156,-24.87537502003925,954.2494637118015,764.1614398024183
6,25,7,1,1,26.9065,32.9714,-22.54065002880345,929.1435155074053,758.2328927494736
6,25,8,1,1,27.226,33.086,-21.523543671490486,918.2399177257033,755.6066009792662
6,25,9,1,1,26.7277,33.212,-24.260598555057133,935.3591966386932,752.7399735035528
6,25,10,1,1,27.1645,33.156,-22.056360323215955,920.3187984317767,754.0113403305586
6,25,11,1,1,27.1694,33.6854,-23.982863073899317,920.1528189801762,742.161292429361
6,25,12,1,1,26.4912,32.7232,-23.524793138853656,943.7096092287251,763.9839624486602
6,25,13,1,1,26.2836,32.4205,-23.34878022797485,951.1634631481228,771.1170401443532
6,25,14,1,1,26.7427,32.7164,-22.337684676565946,934.8345529808136,764.1427540927486
6,25,15,1,1,27.7595,34.7272,-25.100235955258576,900.5925899241702,719.8967955953833
6,25,16,1,1,28.6315,35.9953,-25.719225328746315,873.1641723276811,694.5351198628709
6,25,17,1,1,29.3474,36.2837,-23.635143147263484,851.8642196583003,689.0146264024893
6,25,18,1,1,27.9531,35.5239,-27.08393702308509,894.3551877967024,703.7515588097028
6,25,19,1,1,27.442,32.9246,-19.978864514248222,911.0123168865242,759.3106674037043
6,25,20,1,1,26.4065,32.8168,-24.275462480828583,946.7365989434419,761.8049291826138
6,25,21,1,1,26.5446,32.9775,-24.23430754277706,941.8111404956188,758.0926389204761
6,25,22,1,1,26.7884,33.4154,-24.738319571157664,933.2397604933478,748.1580349180318
6,25,23,1,1,26.4125,32.6411,-23.582016090866066,946.521533364884,765.9055607807335
6,25,24,1,1,27.3407,33.6024,-22.902486037299724,914.3877077031678,743.9944765850057
6,25,25,1,1,26.3199,32.5186,-23.551381274244957,949.8516331748981,768.7907843511098
6,25,26,1,1,26.5819,32.7906,-23.356870652586895,940.4895812564188,762.4136185370198
6,25,27,1,1,26.1784,32.7019,-24.919399199339924,954.9857898114476,764.4815744650923
6,25,28,1,1,27.5669,34.1512,-23.884803877113505,906.8847059335652,732.0386984937572
6,25,29,1,1,26.7234,32.9367,-23.25040975324996,935.5097031066406,759.0317184174493
6,25,30,1,1,26.9418,32.7947,-21.72423520329005,927.9261222338522,762.3183014328536
6,50,1,1,1,53.0331,61.4631,-15.895733042194404,942.8074165002612,813.4962278179917
6,50,2,1,1,52.9689,61.2946,-15.718091181806694,943.9501292267727,815.7325441392879
6,50,3,1,1,52.5542,62.0568,-18.081523455784698,951.3987464370117,805.7134753967333
6,50,4,1,1,53.035,61.4131,-15.797303667389468,942.7736400490243,814.1585427213413
6,50,5,1,1,53.0959,60.4155,-13.78562186534177,941.6922963920001,827.6021881801855
6,50,6,1,1,53.3327,61.6585,-15.611060381342016,937.5111329447036,810.9182026808957
6,50,7,1,1,53.1116,61.4914,-15.777720874535873,941.4139284073535,813.1218349232576
6,50,8,1,1,53.5329,62.0613,-15.931137674215305,934.0050697795187,805.6550539547189
6,50,9,1,1,54.2612,64.4991,-18.867809779363515,921.4687474659609,775.2046152581974
6,50,10,1,1,53.6345,60.899,-13.544453663220498,932.2357810737492,821.0315440319217
6,50,11,1,1,53.3112,61.1962,-14.790513062921109,937.8892240279716,817.044195554626
6,50,12,1,1,53.1498,61.253,-15.245965177667653,940.7373122758694,816.2865492302418
6,50,13,1,1,52.8156,61.5619,-16.56006937344269,946.6899931080968,812.1906568835594
6,50,14,1,1,53.2614,61.3766,-15.23655029721337,938.7661608594592,814.6427139984945
6,50,15,1,1,53.0627,61.3688,-15.653368562097295,942.2814896339614,814.74625542621
6,50,16,1,1,52.9573,61.4209,-15.981932613634017,944.1568962163857,814.0551506083434
6,50,17,1,1,57.983,63.2733,-9.123881137574811,862.3217149854268,790.222732179292
6,50,18,1,1,53.3252,61.6849,-15.67682821630298,937.6429905560598,810.5711446399362
6,50,19,1,1,52.7085,60.4712,-14.72760560440916,948.6136012218143,826.8398841101218
6,50,20,1,1,53.8258,63.6914,-18.328756841514664,928.9225612995998,785.03534229111
6,50,21,1,1,53.2794,61.1897,-14.846826353149622,938.4490065578816,817.1309877315954
6,50,22,1,1,52.8861,62.0453,-17.31872836151654,945.4280047120131,805.8628131381427
6,50,23,1,1,53.2686,61.3921,-15.250072275224055,938.6392734181112,814.4370366871308
6,50,24,1,1,53.3499,61.4325,-15.150168978760973,937.2088794918079,813.9014365360356
6,50,25,1,1,53.3385,64.1087,-20.192168883639386,937.4091884848655,779.9253455459243
6,50,26,1,1,53.5107,61.1202,-14.220520381904922,934.3925607401884,818.0601503267333
6,50,27,1,1,53.4772,61.2009,-14.442977568010281,934.977897122512,816.981449619205
6,50,28,1,1,53.0428,62.7775,-18.352537950485274,942.6350041852994,796.4637011668193
6,50,29,1,1,53.3202,61.2566,-14.884415287264487,937.7309162381237,816.2385767411184
6,50,30,1,1,52.3334,61.9757,-18.424753599040013,955.4127956524896,806.7678138367133
6,100,1,1,1,106.4605,117.9125,-10.757041343972645,939.3155207800077,848.0865048234921
6,100,2,1,1,103.3728,119.3728,-15.477959385834572,967.3724616146607,837.7117735363499
6,100,3,1,1,105.7496,118.1732,-11.748129543752404,945.6300543926408,846.2155547958421
6,100,4,1,1,104.5177,117.1306,-12.06771675993635,956.7757422905402,853.7478677647002
6,100,5,1,1,104.7188,117.1084,-11.831304407613533,954.9383682777113,853.9097110027974
6,100,6,1,1,106.6748,124.8758,-17.062136512090948,937.428521075268,800.7956705782866
6,100,7,1,1,106.1541,115.9518,-9.229695320293805,942.0267328346243,862.4273189376964
6,100,8,1,1,106.4609,120.5094,-13.195924513131116,939.3119915386776,829.8107865444521
6,100,9,1,1,112.7221,168.9424,-49.87513539935824,887.1374823570534,591.9177187017588
6,100,10,1,1,111.6877,130.0928,-16.47907513539987,895.3537408326969,768.6820485069119
6,100,11,1,1,108.1581,118.3999,-9.469286165344988,924.5724545826895,844.5953079352263
6,100,12,1,1,134.507,180.0728,-33.87615514434193,743.4557309285018,555.3309550359633
6,100,13,1,1,110.032,119.0138,-8.162898066017165,908.8265231932529,840.238695008478
6,100,14,1,1,105.9411,117.4029,-10.819030574536225,943.9207257617676,851.7677161296697
6,100,15,1,1,105.5488,117.8002,-11.607332342954162,947.4290565122484,848.894993387108
6,100,16,1,1,110.663,117.8373,-6.483016003542289,903.6443978565555,848.6277265348068
6,100,17,1,1,106.5502,118.1266,-10.86473793573357,938.5247517132769,846.549380071889
6,100,18,1,1,105.5993,121.4469,-15.00729644988177,946.9759742725568,823.4051260262715
6,100,19,1,1,105.6425,119.4528,-13.072674349811864,946.5887308611591,837.1507407109754
6,100,20,1,1,120.4432,123.186,-2.2772560011690177,830.2668809862242,811.7805594791615
6,100,21,1,1,108.5538,120.4877,-10.993535002920218,921.2022057265615,829.9602366050642
6,100,22,1,1,105.5984,117.0064,-10.803193987787695,946.9840452128063,854.654104390871
6,100,23,1,1,105.1108,117.674,-11.952339816650628,951.3770231032396,849.8053945646446
6,100,24,1,1,105.903,118.9162,-12.287848314023206,944.2603136832761,840.9283175883521
6,100,25,1,1,104.6978,116.4413,-11.216568065422575,955.1299072186807,858.8018168811238
6,100,26,1,1,106.006,115.145,-8.621210120181873,943.3428296511518,868.4701897607365
6,100,27,1,1,103.8919,115.1432,-10.829814451367225,962.5389467321321,868.4837663014404
6,100,28,1,1,138.099,125.912,8.824828565014943,724.1182050557933,794.2054768409683
6,100,29,1,1,109.8305,124.6765,-13.517192401017935,910.4938974146526,802.0757720981901
6,100,30,1,1,107.768,117.4916,-9.022715462846119,927.9192339098804,851.1246761470608
6,200,1,1,1,211.4192,230.2283,-8.896590281298955,945.9878762193783,868.7029353037833
6,200,2,1,1,214.6943,234.8616,-9.393495775155657,931.5571023543708,851.5653474216305
6,200,3,1,1,212.6316,232.6124,-9.396909960701993,940.5939662778251,859.7993916059505
6,200,4,1,1,215.7358,232.1524,-7.609585428102331,927.0598574738175,861.5030471362777
6,200,5,1,1,213.999,231.1463,-8.012794452310525,934.5838064663853,865.2528723150663
6,200,6,1,1,214.6383,235.6495,-9.789119649195882,931.800149367564,848.7181173734721
6,200,7,1,1,212.9486,231.4408,-8.683879584087427,939.1937772777093,864.1518695061545
6,200,8,1,1,214.4716,235.6773,-9.887416329248257,932.524399500913,848.6180043644424
6,200,9,1,1,213.0828,231.1346,-8.471730238198491,938.602271042055,865.2966712902353
6,200,10,1,1,213.6841,241.2198,-12.886171689891757,935.9610752508025,829.1193343166689
6,200,11,1,1,214.6027,229.449,-6.9180397077949225,931.9547237756095,871.6533957437164
6,200,12,1,1,212.7646,231.5854,-8.845832436410939,940.0059972382624,863.6123002572701
6,200,13,1,1,210.3959,231.7179,-10.134227900828854,950.5888660377886,863.1184729362731
6,200,14,1,1,214.1857,229.8597,-7.317948863999794,933.7691545233879,870.0959759366257
6,200,15,1,1,209.5819,232.0405,-10.715906287709014,954.280880171427,861.9185012961099
6,200,16,1,1,212.8445,231.548,-8.787401130872533,939.65312704815,863.7517922849689
6,200,17,1,1,211.933,233.0809,-9.978578135542847,943.6944694785617,858.0711675645666
6,200,18,1,1,211.5261,232.0649,-9.709818315564831,945.5097976089002,861.8278765983137
6,200,19,1,1,211.7627,229.7583,-8.498002717192403,944.453390516838,870.4799783076389
6,200,20,1,1,216.0324,230.9289,-6.895493453759715,925.787057867246,866.067434608661
6,200,21,1,1,211.2159,234.1558,-10.860877424474197,946.8984105836729,854.132163286154
6,200,22,1,1,207.6167,230.4799,-11.012216261986621,963.3136448079562,867.7546284947191
6,200,23,1,1,210.9666,230.7527,-9.37878318179276,948.017363886037,866.728753336364
6,200,24,1,1,210.802,228.4022,-8.349161772658704,948.7576019202854,875.6483081161215
6,200,25,1,1,211.9895,228.8043,-7.931902287613311,943.4429535425104,874.1094463696704
6,200,26,1,1,214.554,239.2823,-11.52544347809875,932.166261174343,835.8328217339937
6,200,27,1,1,215.1174,235.3309,-9.39649698257789,929.7248851092472,849.867144518633
6,200,28,1,1,220.8711,328.2072,-48.59671545983154,905.5055188297608,609.3711533445945
6,200,29,1,1,213.2177,233.2619,-9.400814285117976,938.0084298817593,857.4053456651086
6,200,30,1,1,212.6922,233.4808,-9.774030265331767,940.3259734019395,856.6014850043344
6,300,1,1,1,376.5886,349.343,7.234844602306063,796.6252828683608,858.75486269941
6,300,2,1,1,320.2922,348.0966,-8.680948209166518,936.6447262843117,861.8297334705366
6,300,3,1,1,318.2405,344.9642,-8.397328435569957,942.6832851255576,869.6554598998969
6,300,4,1,1,319.6702,352.3375,-10.219063272084778,938.4672077660038,851.4563451236386
6,300,5,1,1,318.6014,345.8045,-8.538286397988209,941.6154480174913,867.5422095432534
6,300,6,1,1,320.8985,427.1368,-33.106511872134014,934.8750461594553,702.3510968851198
6,300,7,1,1,318.3219,358.5286,-12.630830615172865,942.4422259354444,836.7533301387951
6,300,8,1,1,320.5461,355.409,-10.876095513250657,935.9028233380471,844.0979266141263
6,300,9,1,1,327.1673,348.7866,-6.608025924351245,916.9620558044768,860.1247869040841
6,300,10,1,1,329.228,351.1065,-6.645394680889832,911.2226177603362,854.4416010526721
6,300,11,1,1,322.2243,345.2964,-7.160260725215316,931.0284792301511,868.8187887275975
6,300,12,1,1,328.2232,356.5212,-8.621572149683509,914.012172204768,841.4646870929414
6,300,13,1,1,325.127,370.5779,-13.979429576750006,922.7163539170847,809.5463868730434
6,300,14,1,1,323.3465,342.1174,-5.805196592509888,927.7972701111656,876.8919674941994
6,300,15,1,1,317.9095,350.6897,-10.311173462888036,943.664785103937,855.4571177881758
6,300,16,1,1,327.0848,347.4828,-6.236303246130675,917.1933394642614,863.352085340627
6,300,17,1,1,319.1391,339.781,-6.467994676929284,940.0289716929076,882.9216465900095
6,300,18,1,1,318.6119,341.8003,-7.277945362367194,941.5844166523598,877.7054906037239
6,300,19,1,1,320.0162,345.6351,-8.005500971513314,937.4525414650883,867.9674026162272
6,300,20,1,1,323.4887,344.412,-6.468015729761189,927.3894265858436,871.049789205951
6,300,21,1,1,321.749,349.5795,-8.649754933193258,932.4038303149349,858.1738917756905
6,300,22,1,1,317.1248,345.1359,-8.832831743212767,945.9998082773723,869.2228191851384
6,300,23,1,1,317.5223,343.8491,-8.291323160609522,944.8155294919444,872.4757459013271
6,300,24,1,1,319.3587,346.1278,-8.382142086625471,939.382581404546,866.7318834257173
6,300,25,1,1,369.2362,356.0117,3.581582737553896,812.4880496549363,842.6689347569194
6,300,26,1,1,319.7463,348.5797,-9.017586755499588,938.2438514534804,860.6353152521503
6,300,27,1,1,322.5139,342.6485,-6.243017742801174,930.1924661231657,875.5327981882307
6,300,28,1,1,321.3904,346.0817,-7.682650135162721,933.4441850161049,866.8473369149539
6,300,29,1,1,325.0679,345.1305,-6.171818257047212,922.8841112887492,869.2364192674944
6,300,30,1,1,319.1346,344.7924,-8.039805148047252,940.0422266968233,870.088783859505
6,500,1,1,1,532.441,574.0543,-7.815570175850466,939.0711834738496,870.9977435932454
6,500,2,1,1,530.494,579.2564,-9.191885299362474,942.5177287584779,863.1756161865453
6,500,3,1,1,530.2543,573.1269,-8.085290397456474,942.9437913091889,872.4071405477565
6,500,4,1,1,536.806,581.8569,-8.392398743680204,931.4351926021691,859.3178150847742
6,500,5,1,1,533.3491,573.6691,-7.559776514106789,937.4722859755458,871.5825900331743
6,500,6,1,1,530.52,570.8901,-7.6095340420719255,942.4715373595718,875.8253120872126
6,500,7,1,1,608.9985,570.3874,6.340097717810483,821.0200846143299,876.5972039354306
6,500,8,1,1,529.0593,577.0071,-9.062840403712784,945.0736429734814,866.5404637135314
6,500,9,1,1,528.2725,571.0569,-8.098926217056539,946.4812194464031,875.5694922870207
6,500,10,1,1,532.872,577.2686,-8.331569307450952,938.3116395682265,866.1479249001245
6,500,11,1,1,528.8262,566.8966,-7.199038171709357,945.4902196600698,881.995058710883
6,500,12,1,1,530.5682,659.1239,-24.229816261132875,942.3859175879745,758.5827186663994
6,500,13,1,1,625.3842,684.5536,-9.461287957067032,799.5085261188243,730.4029954703328
6,500,14,1,1,593.6467,629.92,-6.110250423357857,842.2517972389976,793.7515875031751
6,500,15,1,1,588.2561,626.7396,-6.541963610747096,849.9699365633438,797.7794924718337
6,500,16,1,1,597.116,626.1853,-4.868283549595054,837.358235250772,798.4856878626822
6,500,17,1,1,605.106,597.4538,1.2646048791451405,826.3015075044702,836.8847934350739
6,500,18,1,1,538.6266,567.2139,-5.307443041245997,928.2868688623992,881.5016698286132
6,500,19,1,1,529.2585,565.3174,-6.81309794741133,944.7179402881577,884.4588898201258
6,500,20,1,1,526.7758,565.2591,-7.305441897672593,949.1704060816764,884.5501116213786
6,500,21,1,1,532.715,566.7573,-6.390340050496035,938.5881756661629,882.2118391770163
6,500,22,1,1,530.9884,570.6719,-7.473515428962308,941.6401563574648,876.1601894188236
6,500,23,1,1,536.7079,572.4986,-6.668562173204459,931.6054412465328,873.364581153561
6,500,24,1,1,528.2364,569.3749,-7.787895722445485,946.5459025542351,878.1560268989729
6,500,25,1,1,528.1862,578.3866,-9.50429980942328,946.6358643978205,864.4736928552632
6,500,26,1,1,528.3721,571.4996,-8.162334839405778,946.302804406213,874.8912510174986
6,500,27,1,1,528.6804,569.2496,-7.673672033235964,945.7509678815406,878.3493216332519
6,500,28,1,1,650.5136,567.9276,12.695507057807864,768.6234384646224,880.3939093645035
6,500,29,1,1,596.4493,629.1646,-5.485009371291064,838.2942188045154,794.7045971753656
6,500,30,1,1,586.1087,627.7486,-7.104467140651558,853.0840780899515,796.4971964891678
